"Time (s)","Linear Acceleration x (m/s^2)","Linear Acceleration y (m/s^2)","Linear Acceleration z (m/s^2)","Absolute acceleration (m/s^2)"
-3.407916520E-4,-2.659068096E-1,-7.237040341E-1,-8.354700530E-1,1.136865942E0
9.635208349E-3,-1.481739995E-1,-6.774309236E-1,-9.973356003E-1,1.214720746E0
1.961120835E-2,4.213983071E-1,-5.140497780E-1,-8.735167158E-1,1.097658945E0
2.958720835E-2,7.872106433E-1,-5.853954569E-1,-4.651097524E-1,1.085686658E0
3.956320835E-2,1.056569941E0,-6.045056194E-1,3.902022421E-2,1.217903799E0
4.953920835E-2,1.150546099E0,-6.813756014E-1,2.139999068E-1,1.354187947E0
5.951520833E-2,8.002318078E-1,-8.222907212E-1,-3.667981768E-1,1.204605279E0
6.949120833E-2,4.120135260E-1,-8.217763124E-1,-1.211812055E0,1.521039089E0
7.946720833E-2,1.890559772E-1,-6.085473610E-1,-1.877576029E0,1.982766703E0
8.944320833E-2,8.002645522E-2,-1.958248602E-1,-2.199581611E0,2.209730950E0
9.941920833E-2,1.675624895E-1,2.185528412E-1,-2.158161689E0,2.175661832E0
1.093942084E-1,3.026846266E-1,4.798770417E-1,-2.002263225E0,2.081095380E0
1.193702084E-1,3.536998290E-1,6.136619206E-1,-1.911375275E0,2.038391514E0
1.293462083E-1,4.107215837E-1,7.295851636E-1,-1.926872150E0,2.100910044E0
1.393222083E-1,6.243861526E-1,7.880444562E-1,-1.651051387E0,1.933091517E0
1.492982083E-1,9.067180833E-1,7.734125300E-1,-4.674913234E-1,1.280176848E0
1.592742083E-1,8.822284824E-1,5.883219883E-1,7.418005818E-1,1.294108944E0
1.692502083E-1,6.510038477E-1,3.726790139E-1,1.110107925E0,1.339789260E0
1.792262083E-1,4.372699893E-1,1.926511377E-1,7.976397371E-1,9.298110854E-1
1.892022083E-1,1.248646590E-1,2.261169456E-1,3.230124718E-1,4.135905138E-1
1.991782083E-1,-2.182829922E-1,4.605196881E-1,1.207169366E-1,5.237350729E-1
2.091532083E-1,-4.042373139E-1,7.033259028E-1,2.852242559E-1,8.598999986E-1
2.191292083E-1,-3.512758657E-1,8.153427672E-1,5.374860030E-1,1.037819717E0
2.291052083E-1,-1.586337912E-1,8.998688011E-1,8.330586612E-1,1.236493135E0
2.390812083E-1,3.627583355E-2,1.039984314E0,1.291570415E0,1.658625168E0
2.490572083E-1,2.553598943E-1,1.054498127E0,1.635383772E0,1.962563389E0
2.590332083E-1,2.370493385E-1,9.311382486E-1,1.684859987E0,1.939578306E0
2.690092083E-1,-1.465104666E-1,8.917992049E-1,1.698600360E0,1.924061933E0
2.789852083E-1,-5.062913999E-1,9.785856262E-1,1.720860125E0,2.043360071E0
2.889612083E-1,-7.485465145E-1,1.050247347E0,1.835080220E0,2.242958044E0
2.989372083E-1,-8.999318048E-1,1.123422620E0,1.748962428E0,2.265132493E0
3.089132083E-1,-9.106915587E-1,1.122005547E0,1.564113230E0,2.129484858E0
3.188882083E-1,-8.936086258E-1,1.082241995E0,1.389495490E0,1.974963754E0
3.288642083E-1,-1.062045859E0,1.092828672E0,1.368885224E0,2.048429318E0
3.388402083E-1,-1.236393457E0,1.115070603E0,1.481476285E0,2.228637076E0
3.488162083E-1,-1.291828862E0,1.086493067E0,1.575795967E0,2.309203743E0
3.587922083E-1,-1.311274655E0,8.238897885E-1,1.644507768E0,2.258902699E0
3.687682083E-1,-1.204518238E0,3.222627126E-1,1.859725065E0,2.239038802E0
3.787442083E-1,-1.116386957E0,-2.120549767E-1,1.972116151E0,2.276077605E0
3.887202083E-1,-1.226524527E0,-5.547202326E-1,1.873244412E0,2.306755639E0
3.986962083E-1,-1.429113592E0,-6.462515232E-1,2.035777711E0,2.569902251E0
4.086722083E-1,-1.519108965E0,-6.554199573E-1,2.427352295E0,2.937568132E0
4.186482083E-1,-1.422946241E0,-8.946804205E-1,2.810958878E0,3.275166999E0
4.286232083E-1,-1.336546321E0,-1.338110744E0,3.106880615E0,3.637252203E0
4.385990833E-1,-1.257196681E0,-1.837210653E0,3.167267150E0,3.871365092E0
4.485750833E-1,-1.169775252E0,-2.275971390E0,2.803745753E0,3.795972886E0
4.585510833E-1,-1.167210371E0,-2.469761565E0,1.905999345E0,3.330906144E0
4.685270833E-1,-1.392562062E0,-2.301710395E0,4.200861919E-1,2.722787588E0
4.785030833E-1,-1.575453028E0,-1.720811739E0,-1.221237767E0,2.633375584E0
4.884790833E-1,-1.485569629E0,-1.149605136E0,-2.345347434E0,3.004856682E0
4.984550833E-1,-1.351320773E0,-7.224078526E-1,-2.640368700E0,3.052783617E0
5.084310833E-1,-1.122668621E0,-4.266970539E-1,-2.346899870E0,2.636360030E0
5.184070833E-1,-6.851223511E-1,-4.324666478E-1,-1.617272022E0,1.808863961E0
5.283820833E-1,-1.796293885E-1,-6.299705359E-1,-7.476349336E-1,9.940259490E-1
5.383580833E-1,1.569571021E-1,-9.119261983E-1,1.381591809E-1,9.355922629E-1
5.483340833E-1,2.831979033E-1,-1.231073953E0,6.681011063E-1,1.429021770E0
5.583100833E-1,2.349528193E-1,-1.439193461E0,7.687427974E-1,1.648467814E0
5.682860833E-1,1.444852835E-1,-1.329837811E0,4.175718892E-1,1.401324688E0
5.782620833E-1,1.676431811E-1,-9.730494824E-1,-3.434672016E-1,1.045418218E0
5.882380834E-1,3.182847056E-1,-5.371402864E-1,-1.132706244E0,1.293386360E0
5.982140834E-1,5.102496725E-1,-1.831570137E-1,-1.524709429E0,1.618221265E0
6.081900834E-1,7.266802669E-1,2.880776972E-2,-1.555496773E0,1.717109289E0
6.181660834E-1,9.283788013E-1,1.435538220E-1,-1.403991323E0,1.689285805E0
6.281420834E-1,9.068297651E-1,9.412102237E-2,-1.166158165E0,1.480244525E0
6.381170833E-1,6.954152048E-1,-3.063984856E-2,-1.118300459E0,1.317246000E0
6.480930833E-1,4.569444081E-1,-2.245868754E-1,-1.407699627E0,1.496948795E0
6.580690834E-1,2.565193972E-1,-4.242421004E-1,-1.789332190E0,1.856742644E0
6.680450834E-1,5.010362148E-2,-4.816429009E-1,-1.916441887E0,1.976673914E0
6.780210834E-1,-6.590981483E-3,-3.915587962E-1,-1.705237534E0,1.749627612E0
6.879970834E-1,8.947000086E-2,-2.887175287E-1,-1.420599754E0,1.452400204E0
6.979730833E-1,2.983942321E-1,-2.321113649E-1,-1.371794799E0,1.422932104E0
7.079490833E-1,3.910983279E-1,-1.780632117E-1,-1.508577545E0,1.568588735E0
7.179250833E-1,3.419770387E-1,-1.053311580E-1,-1.766801113E0,1.802672772E0
7.279010833E-1,2.954913819E-1,-2.883919850E-2,-1.980485855E0,2.002616059E0
7.378760834E-1,2.609928095E-1,-3.465352356E-3,-1.913462731E0,1.931183284E0
7.478520834E-1,1.708547643E-1,4.027445197E-2,-1.591247819E0,1.600900685E0
7.578280833E-1,2.067926288E-1,1.506242752E-1,-1.290600947E0,1.315713369E0
7.678040833E-1,2.769215021E-1,1.977148265E-1,-1.265838574E0,1.310772278E0
7.777800833E-1,2.025659689E-1,2.287658805E-1,-1.195005403E0,1.233452356E0
7.877560833E-1,1.115792003E-1,3.093425587E-1,-8.937200153E-1,9.523015291E-1
7.977320833E-1,1.232379636E-1,2.848807320E-1,-5.626103193E-1,6.425534985E-1
8.077080833E-1,1.182426873E-1,2.263153124E-1,-3.289906651E-1,4.164550533E-1
8.176840833E-1,3.925352812E-2,3.229094146E-1,-1.886264992E-1,3.760203262E-1
8.276600833E-1,-9.896646380E-2,4.465631153E-1,-1.357150447E-1,4.771074829E-1
8.376350833E-1,-3.591652215E-1,5.794130243E-1,-8.067988157E-3,6.817508354E-1
8.476110833E-1,-6.712553868E-1,6.626569100E-1,4.484422642E-1,1.044412964E0
8.575870833E-1,-8.027580974E-1,6.650767802E-1,1.099948972E0,1.515465416E0
8.675630833E-1,-7.942945451E-1,5.736992714E-1,1.423923896E0,1.728465776E0
8.775390833E-1,-7.500360927E-1,4.425036858E-1,1.399363836E0,1.648205933E0
8.875150833E-1,-7.354268244E-1,3.487967925E-1,1.451633266E0,1.664256878E0
8.974910833E-1,-5.633475070E-1,2.568681836E-1,1.881859699E0,1.981095052E0
9.074670833E-1,-3.560523100E-1,2.612975956E-1,2.198433802E0,2.242356096E0
9.174430833E-1,-2.148636867E-1,2.596511659E-1,2.373591825E0,2.397399275E0
9.274190833E-1,1.225607099E-1,9.970387079E-2,2.639575818E0,2.644299999E0
9.373940833E-1,4.952313915E-1,-2.488112321E-1,2.880430816E0,2.933264879E0
9.473700833E-1,6.127310438E-1,-5.617678817E-1,3.362712087E0,3.463936354E0
9.573460833E-1,6.482536098E-1,-6.864718153E-1,4.095839494E0,4.203257957E0
9.673220833E-1,8.106986162E-1,-8.459296985E-1,4.902868690E0,5.040927563E0
9.772980833E-1,1.078623300E0,-1.082588662E0,5.520514172E0,5.728132607E0
9.872740833E-1,1.261862175E0,-1.337934743E0,5.641826355E0,5.934018044E0
9.972500833E-1,1.291405378E0,-1.461336282E0,5.179780544E0,5.534741011E0
1.007226083E0,1.285752582E0,-1.440170092E0,3.898873111E0,4.350685134E0
1.017202083E0,1.233261542E0,-1.242524848E0,1.750830029E0,2.475925649E0
1.027178083E0,1.182287563E0,-8.152832718E-1,-3.795930541E-1,1.485456691E0
1.037153083E0,1.140458044E0,-2.719387972E-1,-1.959738180E0,2.283674450E0
1.047129083E0,1.138668357E0,4.430230647E-2,-2.728423675E0,2.956826689E0
1.057105083E0,1.200391273E0,-1.463908911E-2,-2.674515270E0,2.931584118E0
1.067081083E0,1.265930229E0,-4.017942741E-1,-1.974079061E0,2.379286894E0
1.077057083E0,1.355305651E0,-8.144808146E-1,-1.152953982E0,1.956919848E0
1.087033083E0,1.396375763E0,-1.094241871E0,-5.649024278E-1,1.861812368E0
1.097009083E0,1.404690357E0,-1.247937615E0,-2.227496803E-1,1.892120691E0
1.106985083E0,1.436076457E0,-1.206503222E0,-8.806316078E-2,1.877690266E0
1.116961083E0,1.407605340E0,-9.853791406E-1,-7.928005815E-2,1.720061096E0
1.126937083E0,1.394163761E0,-7.425924410E-1,-1.978013653E-1,1.591936401E0
1.136912083E0,1.421167080E0,-6.009537283E-1,-4.119889677E-1,1.597058597E0
1.146888083E0,1.368572252E0,-5.892027982E-1,-7.726119000E-1,1.678415650E0
1.156864083E0,1.229412174E0,-5.061246081E-1,-1.315431148E0,1.870287550E0
1.166840083E0,9.470790741E-1,-3.491838782E-1,-1.937404155E0,2.184587607E0
1.176816083E0,6.833366114E-1,-1.092948394E-1,-2.531156745E0,2.624051972E0
1.186792083E0,6.171608944E-1,9.804099575E-2,-3.083726810E0,3.146405989E0
1.196768083E0,4.464441244E-1,1.724146552E-1,-3.247464636E0,3.282539525E0
1.206744083E0,3.953178249E-1,2.510895266E-1,-3.299031231E0,3.332105820E0
1.216720083E0,3.968379548E-1,2.310120884E-1,-3.248015444E0,3.280312679E0
1.226696083E0,3.480803624E-1,2.911834458E-1,-3.002056995E0,3.036164347E0
1.236671083E0,2.462958330E-1,3.758098324E-1,-2.643129171E0,2.681049511E0
1.246647083E0,1.079701526E-1,3.908066250E-1,-2.129201015E0,2.167460342E0
1.256623083E0,7.505193651E-3,3.537235102E-1,-1.649772601E0,1.687283700E0
1.266599083E0,-6.432872772E-2,3.482653902E-1,-1.260580757E0,1.309385662E0
1.276575083E0,-2.166671142E-1,3.737414530E-1,-9.810265464E-1,1.071933019E0
1.286551083E0,-4.163815422E-1,3.657666183E-1,-9.284051138E-1,1.081246902E0
1.296527083E0,-5.308231008E-1,4.858027928E-1,-8.807292563E-1,1.137304507E0
1.306503083E0,-6.013136244E-1,7.006171071E-1,-5.529185593E-1,1.076179046E0
1.316479083E0,-7.094849212E-1,1.005316465E0,-3.891088128E-2,1.231074370E0
1.326455083E0,-9.506830055E-1,1.188918086E0,5.917113268E-1,1.633231976E0
1.336430083E0,-1.260113272E0,1.146138906E0,1.142604411E0,2.051113037E0
1.346406083E0,-1.477411740E0,8.946592243E-1,1.597463409E0,2.352668681E0
1.356382083E0,-1.711857605E0,4.944664295E-1,2.037307928E0,2.706580334E0
1.366358083E0,-1.818737837E0,1.917466100E-1,2.433507074E0,3.044097693E0
1.376334083E0,-1.710258538E0,1.628873848E-1,2.930272483E0,3.396765136E0
1.386310083E0,-1.582970062E0,2.938272643E-1,3.367986276E0,3.733022935E0
1.396286083E0,-1.355099536E0,4.617372977E-1,3.533674148E0,3.812656432E0
1.406262083E0,-1.056041499E0,5.429146311E-1,3.300587760E0,3.507685776E0
1.416238083E0,-8.433282723E-1,4.977564750E-1,2.594288548E0,2.772958195E0
1.426214083E0,-8.732581227E-1,3.251625295E-1,1.561204240E0,1.818149911E0
1.436190333E0,-9.635424945E-1,8.058877464E-2,9.176865828E-1,1.333063147E0
1.446166333E0,-1.112782734E0,-1.194324860E-1,8.138985050E-1,1.383828135E0
1.456142333E0,-1.305061404E0,-2.816926838E-1,8.595915717E-1,1.587902297E0
1.466118333E0,-1.593076974E0,-5.336186912E-1,9.580499125E-1,1.934037949E0
1.476094333E0,-1.719112246E0,-9.470590474E-1,1.454509512E0,2.442921544E0
1.486070333E0,-1.527016594E0,-1.342025455E0,2.294282531E0,3.065378334E0
1.496046333E0,-1.295741381E0,-1.616190287E0,2.642512289E0,3.357661086E0
1.506022333E0,-1.186150672E0,-1.771053209E0,2.298277933E0,3.134591575E0
1.515998333E0,-1.094913789E0,-1.916660281E0,1.696020568E0,2.783686154E0
1.525973333E0,-1.226285083E0,-1.899796764E0,8.434234357E-1,2.413372318E0
1.535949333E0,-1.488107905E0,-1.560020179E0,9.994411826E-2,2.158267111E0
1.545925333E0,-1.688939005E0,-1.153357002E0,-4.012774533E-1,2.084171521E0
1.555901333E0,-1.719794031E0,-8.117195401E-1,-7.549082851E-1,2.046085687E0
1.565877333E0,-1.541258511E0,-7.177256215E-1,-1.200418755E0,2.081252760E0
1.575853333E0,-1.187265736E0,-6.187995766E-1,-1.439181036E0,1.965643635E0
1.585829333E0,-8.556555185E-1,-4.690552343E-1,-1.318163552E0,1.640034856E0
1.595805333E0,-5.679989670E-1,-2.759862399E-1,-1.063453576E0,1.236820415E0
1.605781333E0,-2.968382880E-1,-9.258108504E-2,-8.846053755E-1,9.376624643E-1
1.615757333E0,-7.165587366E-2,1.301677912E-2,-9.525476825E-1,9.553277387E-1
1.625732333E0,-5.415544957E-3,4.012677323E-2,-1.293405856E0,1.294039488E0
1.635708333E0,-4.299823120E-2,1.157986242E-1,-1.682019410E0,1.686548981E0
1.645684333E0,-1.125796589E-1,1.664024019E-1,-1.940537678E0,1.950910151E0
1.655660333E0,-1.526792791E-1,1.586482265E-1,-1.984859573E0,1.997034738E0
1.665636333E0,-1.469577786E-1,1.307639880E-1,-2.057325286E0,2.066708286E0
1.675612333E0,-7.593501225E-2,9.951350737E-2,-2.199443616E0,2.203002788E0
1.685588333E0,8.066029340E-2,1.655086185E-1,-2.384383446E0,2.391481466E0
1.695564333E0,2.689156406E-1,2.988786374E-1,-2.604758572E0,2.635604538E0
1.705540333E0,4.276685688E-1,4.091020511E-1,-2.773058980E0,2.835510712E0
1.715516333E0,5.654049960E-1,4.042096127E-1,-2.997851678E0,3.077366228E0
1.725491333E0,5.107825001E-1,2.715596784E-1,-3.276442852E0,3.327119052E0
1.735467333E0,3.518754977E-1,1.622663374E-1,-3.493192704E0,3.514618329E0
1.745443333E0,2.314225629E-1,1.215709955E-1,-3.636702088E0,3.646085296E0
1.755419333E0,8.924824521E-2,1.239461345E-1,-3.616146201E0,3.619370282E0
1.765395333E0,-4.370062798E-2,7.740514845E-2,-3.459737860E0,3.460879565E0
1.775371333E0,-5.143824846E-2,5.299996667E-2,-3.174258081E0,3.175117203E0
1.785347333E0,4.166477367E-2,1.235631419E-1,-2.817541088E0,2.820556964E0
1.795323333E0,1.414401998E-1,1.717368899E-1,-2.460545184E0,2.470583229E0
1.805299333E0,2.276831223E-1,2.987700619E-1,-1.937848544E0,1.973919991E0
1.815274333E0,3.342340095E-1,4.295518108E-1,-1.264147559E0,1.376334328E0
1.825250333E0,5.169684157E-1,5.029955437E-1,-3.819500667E-1,8.161781137E-1
1.835226333E0,6.156816950E-1,4.977715681E-1,6.366705680E-1,1.015967468E0
1.845202333E0,5.707866271E-1,3.497717426E-1,1.534050940E0,1.673753247E0
1.855178333E0,3.835089344E-1,1.205811350E-1,2.163000260E0,2.200042963E0
1.865154333E0,1.766851692E-1,-1.384675484E-1,2.280474331E0,2.291496036E0
1.875130333E0,1.717033415E-1,-3.329491570E-1,1.934883420E0,1.970814814E0
1.885106333E0,3.743235433E-1,-3.795812134E-1,1.728704749E0,1.809038453E0
1.895082333E0,7.709509984E-1,-2.649085437E-1,2.162965761E0,2.311484991E0
1.905058333E0,1.172185475E0,-1.017878184E-1,2.984071544E0,3.207656860E0
1.915033333E0,1.484991193E0,-1.260630459E-2,3.901449979E0,4.174526285E0
1.925009333E0,1.819454998E0,2.351567410E-3,4.777825983E0,5.112537838E0
1.934985333E0,1.969469847E0,-1.235657731E-1,5.376634660E0,5.727327496E0
1.944961333E0,1.861787962E0,-3.666331391E-1,5.598169874E0,5.911021926E0
1.954937333E0,1.542613603E0,-7.513186064E-1,5.568036248E0,5.826419487E0
1.964913333E0,1.280601331E0,-1.236451783E0,5.570545873E0,5.848053873E0
1.974889333E0,1.198751056E0,-1.632269107E0,5.734539222E0,6.081631905E0
1.984865333E0,1.308388470E0,-1.866782215E0,5.966641524E0,6.387297339E0
1.994841333E0,1.476376636E0,-1.977069035E0,5.792461156E0,6.296117548E0
2.004816333E0,1.564314374E0,-2.078114769E0,4.793736842E0,5.453948419E0
2.014792333E0,1.674512462E0,-2.098996345E0,3.267308332E0,4.229075712E0
2.024768333E0,1.607996876E0,-1.822054378E0,1.603959666E0,2.911738779E0
2.034744333E0,1.525448663E0,-1.293206174E0,1.185394335E-1,2.003354045E0
2.044720333E0,1.298555499E0,-6.856219956E-1,-1.417795429E0,2.041192736E0
2.054696333E0,1.049417189E0,-1.809708494E-1,-2.629470659E0,2.836924890E0
2.064672333E0,9.570616599E-1,1.034241983E-1,-3.185761308E0,3.328023242E0
2.074648333E0,9.679222052E-1,3.963268351E-2,-3.310946102E0,3.449754808E0
2.084624333E0,1.144759402E0,-1.997028432E-1,-3.030885522E0,3.246016384E0
2.094599333E0,1.282604295E0,-4.533479685E-1,-2.486923728E0,2.834675958E0
2.104575333E0,1.112776375E0,-4.654369041E-1,-2.015583183E0,2.348931318E0
2.114551333E0,7.483835234E-1,-3.550161469E-1,-1.743940254E0,1.930658430E0
2.124527333E0,3.971963160E-1,-2.952343054E-1,-1.760230013E0,1.828479671E0
2.134503333E0,1.116865698E-1,-2.987654755E-1,-2.034976643E0,2.059821506E0
2.144479333E0,-1.417038361E-1,-2.341271194E-1,-2.478949880E0,2.494010424E0
2.154455333E0,-3.446641997E-1,-1.391841430E-1,-2.849384440E0,2.873526983E0
2.164431333E0,-4.395667025E-1,-1.722176772E-2,-2.965080957E0,2.997535748E0
2.174407333E0,-5.061001959E-1,1.196300762E-1,-2.855090153E0,2.902066255E0
2.184383333E0,-4.911693308E-1,2.284002833E-1,-2.634532009E0,2.689641781E0
2.194358333E0,-4.743683068E-1,3.159809392E-1,-2.474153994E0,2.538957902E0
2.204334333E0,-4.810115477E-1,4.174390477E-1,-2.411845479E0,2.494519209E0
2.214310333E0,-6.450999872E-1,4.880741437E-1,-2.456046336E0,2.585833322E0
2.224286333E0,-8.881560241E-1,5.955678945E-1,-2.425450196E0,2.650722711E0
2.234262333E0,-1.047428624E0,6.728404208E-1,-2.346389408E0,2.656193556E0
2.244238333E0,-1.104491455E0,7.034456977E-1,-2.345693005E0,2.686449869E0
2.254214333E0,-1.108883810E0,7.407401162E-1,-2.274086832E0,2.636245464E0
2.264190333E0,-1.047186257E0,8.172644547E-1,-2.117858586E0,2.499969047E0
2.274166333E0,-1.018592056E0,9.649983050E-1,-1.878723838E0,2.344857088E0
2.284141333E0,-9.886568704E-1,1.152169944E0,-1.710427523E0,2.287028705E0
2.294117333E0,-1.069605943E0,1.339233702E0,-1.606463444E0,2.349112295E0
2.304093333E0,-1.272512439E0,1.526529082E0,-1.295087516E0,2.372094142E0
2.314069333E0,-1.542983732E0,1.651765770E0,-6.720725352E-1,2.358137072E0
2.324045333E0,-1.758785458E0,1.552598893E0,2.220579547E-1,2.356522723E0
2.334021333E0,-1.866035380E0,1.233253795E0,1.196581228E0,2.536692649E0
2.343997333E0,-1.968666294E0,8.193907946E-1,1.974035207E0,2.905832626E0
2.353973333E0,-2.122683708E0,5.788681369E-1,2.240218590E0,3.139976716E0
2.363949333E0,-2.277608172E0,6.591811788E-1,2.039693592E0,3.127677854E0
2.373924333E0,-2.459081041E0,8.948294514E-1,1.518395020E0,3.025445877E0
2.383900333E0,-2.505521382E0,9.634373177E-1,1.046476770E0,2.881139096E0
2.393876333E0,-2.416436859E0,9.789988051E-1,1.147748206E0,2.848671918E0
2.403852333E0,-2.049958379E0,8.564910856E-1,1.863476053E0,2.899732632E0
2.413828333E0,-1.550283688E0,5.931393265E-1,2.736967626E0,3.200966348E0
2.423804333E0,-1.222203434E0,1.404467396E-1,3.393574276E0,3.609688752E0
2.433779000E0,-1.132688264E0,-2.191057320E-1,3.743705549E0,3.917438100E0
2.443755000E0,-1.412201544E0,-4.490448198E-1,3.526878514E0,3.825549177E0
2.453731000E0,-1.807001891E0,-5.827031064E-1,3.024319099E0,3.570896912E0
2.463706000E0,-1.949455120E0,-7.246400271E-1,2.737871606E0,3.438229103E0
2.473682000E0,-1.690986554E0,-1.029272946E0,2.972875296E0,3.571669896E0
2.483658000E0,-1.243701746E0,-1.375108562E0,3.597025221E0,4.046765132E0
2.493634000E0,-1.019250818E0,-1.631938593E0,3.787877755E0,4.248542537E0
2.503610000E0,-1.086792445E0,-1.895302741E0,3.141837024E0,3.826804174E0
2.513586000E0,-1.236987242E0,-2.123860314E0,2.032230206E0,3.189181663E0
2.523562000E0,-1.433261315E0,-2.174619555E0,8.134108472E-1,2.728524401E0
2.533538000E0,-1.633128794E0,-2.073346657E0,-9.664570391E-2,2.641063499E0
2.543514000E0,-1.747204170E0,-1.726991661E0,-8.432965511E-1,2.597377848E0
2.553490000E0,-1.594808189E0,-1.414417785E0,-1.338602495E0,2.517110937E0
2.563465000E0,-1.026061801E0,-1.271452339E0,-1.290768762E0,2.082181036E0
2.573441000E0,-2.962507890E-1,-1.242765022E0,-9.205569810E-1,1.574691902E0
2.583417000E0,2.883095393E-1,-1.107613503E0,-6.147692370E-1,1.299181002E0
2.593393000E0,6.079848589E-1,-8.862781177E-1,-4.723193693E-1,1.173976183E0
2.603369000E0,7.540066445E-1,-7.052558494E-1,-6.493286204E-1,1.219647281E0
2.613345000E0,8.351396853E-1,-6.315469453E-1,-1.172074962E0,1.571645493E0
2.623321000E0,7.903909439E-1,-5.744884993E-1,-1.811497815E0,2.058222343E0
2.633297000E0,7.143486352E-1,-4.112634013E-1,-2.242430007E0,2.389126178E0
2.643273000E0,7.107473351E-1,-1.394787513E-1,-2.478679154E0,2.582337399E0
2.653248000E0,8.284339522E-1,9.526303841E-2,-2.706676710E0,2.832221155E0
2.663224000E0,9.422267622E-1,2.390883357E-1,-3.027888240E0,3.180104038E0
2.673200000E0,1.008483025E0,3.536146789E-1,-3.375258458E0,3.540402662E0
2.683176000E0,9.865819860E-1,4.093798669E-1,-3.588992901E0,3.744570193E0
2.693152000E0,8.155779715E-1,4.317984572E-1,-3.670012506E0,3.784258068E0
2.703128000E0,6.348906755E-1,4.064628372E-1,-3.533630878E0,3.613148958E0
2.713104000E0,4.539232980E-1,3.735650133E-1,-3.286096020E0,3.338266651E0
2.723080000E0,5.156812973E-1,3.599905925E-1,-3.227425643E0,3.288129667E0
2.733056000E0,5.665916884E-1,-1.368426437E-1,-3.503943980E0,3.552094518E0
2.743031000E0,3.772586994E-1,2.456158384E-1,-3.367989784E0,3.397941502E0
2.753007000E0,6.804327379E-1,8.123153713E-1,-3.047682819E0,3.226641526E0
2.762983000E0,6.747286329E-1,5.569419553E-1,-2.944818016E0,3.072034541E0
2.772959000E0,3.540452532E-1,3.630741217E-1,-2.810525014E0,2.855909963E0
2.782935000E0,4.297174332E-1,5.042115453E-1,-2.314272407E0,2.407227270E0
2.792911000E0,7.783146894E-1,6.049408715E-1,-1.845518085E0,2.092286839E0
2.802887000E0,9.447252774E-1,7.267966264E-1,-1.069659226E0,1.601533654E0
2.812863000E0,1.258721635E0,8.150528184E-1,-9.439920366E-2,1.502532017E0
2.822839000E0,1.593786242E0,9.198645245E-1,1.400676536E0,2.312617583E0
2.832814000E0,2.019453747E0,7.557296728E-1,3.115481284E0,3.788871126E0
2.842790000E0,2.108950499E0,-1.692877105E-1,4.763094508E0,5.211851862E0
2.852766000E0,1.556405430E0,-1.569466941E0,5.817124127E0,6.222905868E0
2.862742000E0,9.435191430E-1,-2.453317441E0,5.682402524E0,6.260885982E0
2.872718000E0,4.491702425E-1,-3.303070487E0,4.748940738E0,5.802108813E0
2.882694000E0,8.819603875E-2,-3.495466686E0,4.638900817E0,5.809084841E0
2.892670000E0,4.637710324E-1,-2.980256529E0,4.597093225E0,5.498206859E0
2.902646000E0,6.578512296E-1,-2.813585447E0,5.034918700E0,5.805121672E0
2.912621000E0,7.372875546E-1,-2.367523877E0,5.210903519E0,5.770812571E0
2.922597000E0,1.152052196E0,-1.742652113E0,4.923585375E0,5.348434686E0
2.932573000E0,1.676103344E0,-1.315425155E0,3.841123670E0,4.392481851E0
2.942549000E0,1.697949418E0,-1.120375782E0,2.877929378E0,3.524308673E0
2.952525000E0,1.660866084E0,-9.439601693E-1,2.215953814E0,2.925745761E0
2.962501000E0,1.153128083E0,-1.049552113E0,2.794631698E0,3.200192235E0
2.972477000E0,6.980384119E-1,-1.161624965E0,3.083425094E0,3.368106366E0
2.982453000E0,7.081498557E-1,-1.091991935E0,2.941306179E0,3.216396220E0
2.992429000E0,8.100842200E-1,-9.995356151E-1,2.562313634E0,2.867186608E0
3.002404000E0,1.013668920E0,-9.059506363E-1,2.023267009E0,2.437597305E0
3.012380000E0,1.333565849E0,-8.429094654E-1,1.416587979E0,2.120286713E0
3.022356000E0,1.652082689E0,-9.139626373E-1,1.008209082E0,2.140371573E0
3.032332000E0,1.918241368E0,-9.254040304E-1,4.397854614E-1,2.174726147E0
3.042308000E0,2.013617349E0,-8.849048992E-1,-6.210988480E-1,2.285492351E0
3.052284000E0,2.054639952E0,-7.233428223E-1,-1.880342347E0,2.877578411E0
3.062260000E0,1.934805945E0,-5.171783307E-1,-2.616321441E0,3.294857410E0
3.072236000E0,1.743804745E0,-4.157519433E-1,-2.969838252E0,3.468954297E0
3.082212000E0,1.683523168E0,-3.483755006E-1,-3.231905195E0,3.660713993E0
3.092188000E0,1.674059157E0,-3.018739101E-1,-3.294987881E0,3.708173008E0
3.102163000E0,1.652689630E0,-3.026679620E-1,-3.176820331E0,3.593769375E0
3.112139000E0,1.660974258E0,-2.848187515E-1,-3.053475655E0,3.487645450E0
3.122115000E0,1.765866728E0,-1.545419097E-1,-2.961543977E0,3.451508544E0
3.132091000E0,1.889374687E0,7.627225041E-2,-3.060722694E0,3.597718385E0
3.142067000E0,1.792695216E0,3.489399031E-1,-3.254264363E0,3.731722355E0
3.152043000E0,1.441582049E0,6.775272565E-1,-3.295365611E0,3.660141595E0
3.162019000E0,1.203784705E0,8.741118161E-1,-3.344086366E0,3.660065943E0
3.171995000E0,1.077317909E0,8.900549805E-1,-3.578103631E0,3.841306723E0
3.181970000E0,9.473787439E-1,8.815667237E-1,-3.854140742E0,4.065598016E0
3.191946000E0,7.715653946E-1,9.125470264E-1,-3.953686665E0,4.130338179E0
3.201922000E0,5.895845483E-1,1.044365048E0,-4.013063385E0,4.188434795E0
3.211898000E0,5.144057272E-1,1.253329479E0,-3.800079725E0,4.034359175E0
3.221874000E0,5.082907091E-1,1.453454674E0,-3.180554947E0,3.533669439E0
3.231850000E0,4.876227021E-1,1.594776321E0,-2.385748186E0,2.910821503E0
3.241826000E0,5.004396527E-1,1.714224120E0,-1.739795748E0,2.493169353E0
3.251802000E0,4.153191032E-1,1.770326838E0,-1.147907835E0,2.150404490E0
3.261778000E0,2.515688521E-1,1.762211195E0,-5.537383389E-1,1.864216010E0
3.271753000E0,2.754199371E-2,1.681961084E0,-2.056313717E-1,1.694708208E0
3.281729000E0,-3.035001670E-1,1.495235369E0,1.155468285E-2,1.525770189E0
3.291705000E0,-7.021222535E-1,1.172888310E0,1.897678757E-1,1.380092205E0
3.301681000E0,-1.179643598E0,8.283922908E-1,3.036342144E-1,1.473087418E0
3.311657000E0,-1.621650271E0,6.062814188E-1,5.597644794E-1,1.819522748E0
3.321633000E0,-1.927589604E0,4.938349302E-1,1.090713880E0,2.269169757E0
3.331609000E0,-2.015486850E0,5.245792978E-1,1.992939255E0,2.882564406E0
3.341585000E0,-1.716048305E0,4.959691639E-1,2.908688071E0,3.413396181E0
3.351561000E0,-1.158929983E0,3.045628984E-1,3.314425195E0,3.524385286E0
3.361536000E0,-9.055797766E-1,-6.936698109E-3,3.157860149E0,3.285148942E0
3.371512000E0,-1.142272143E0,-2.517061155E-1,2.709528982E0,2.951218210E0
3.381488000E0,-1.679863834E0,-4.400544333E-1,2.200790230E0,2.803402940E0
3.391464000E0,-2.116398244E0,-5.723526576E-1,1.655388851E0,2.747187897E0
3.401440000E0,-2.396059020E0,-6.388945565E-1,1.238354321E0,2.771787601E0
3.411416000E0,-2.512856714E0,-6.362375817E-1,1.120680860E0,2.824034829E0
3.421392000E0,-2.360904682E0,-6.071979699E-1,1.228667239E0,2.729868766E0
3.431368000E0,-1.813846495E0,-6.235209109E-1,1.643114376E0,2.525597412E0
3.441345125E0,-1.146536517E0,-7.433645658E-1,2.451799504E0,2.806859040E0
3.451320125E0,-7.400008088E-1,-1.078146021E0,3.209520299E0,3.465691936E0
3.461296125E0,-7.483962411E-1,-1.655844788E0,3.620945011E0,4.051316041E0
3.471272125E0,-1.212572339E0,-2.176810799E0,3.312662845E0,4.145186613E0
3.481248125E0,-1.909822985E0,-2.458012170E0,2.329047736E0,3.887635659E0
3.491224125E0,-2.417640216E0,-2.442826659E0,1.054122589E0,3.594935428E0
3.501200125E0,-2.523258911E0,-2.082661856E0,-1.381591809E-1,3.274660883E0
3.511176125E0,-2.303353755E0,-1.400210367E0,-1.018920012E0,2.881705325E0
3.521152125E0,-1.893296269E0,-6.490440072E-1,-1.508681626E0,2.506381681E0
3.531127125E0,-1.414586623E0,6.010528386E-2,-1.840774823E0,2.322309176E0
3.541103125E0,-1.049933352E0,7.481664455E-1,-2.082717404E0,2.449453992E0
3.551079125E0,-8.857707256E-1,1.179099807E0,-2.249029759E0,2.689423914E0
3.561055125E0,-9.043275954E-1,1.290938916E0,-2.448802221E0,2.912209471E0
3.571031125E0,-9.740632434E-1,1.243177689E0,-2.675840834E0,3.107155313E0
3.581007125E0,-1.006189162E0,1.167725511E0,-2.888768361E0,3.274291090E0
3.590983125E0,-9.397782406E-1,1.082286142E0,-2.896458035E0,3.231717126E0
3.600959125E0,-8.975133964E-1,1.252187664E0,-2.487689129E0,2.926106875E0
3.610935125E0,-7.615634398E-1,1.278946862E0,-1.985926690E0,2.481851882E0
3.620910125E0,-6.623261037E-1,1.128226400E0,-1.561394860E0,2.037038189E0
3.630886125E0,-7.121980293E-1,1.026365272E0,-1.288619326E0,1.794767804E0
3.640862125E0,-7.551019742E-1,9.072607049E-1,-1.315814141E0,1.767672999E0
3.650838125E0,-7.861791945E-1,7.944658685E-1,-1.559000425E0,1.918263816E0
3.660814125E0,-7.794586971E-1,7.897869265E-1,-1.772771705E0,2.091420276E0
3.670790125E0,-7.481785785E-1,8.705282038E-1,-1.771274818E0,2.110688281E0
3.680766125E0,-7.275079402E-1,9.480573133E-1,-1.848666226E0,2.201283100E0
3.690742125E0,-7.854069234E-1,1.008496473E0,-2.217553028E0,2.559584068E0
3.700718125E0,-8.521252620E-1,1.093597873E0,-2.582140957E0,2.930789261E0
3.710693125E0,-8.575630264E-1,1.168469715E0,-2.831926408E0,3.181280089E0
3.720669125E0,-7.251168676E-1,1.257323712E0,-2.803274467E0,3.156739635E0
3.730645125E0,-4.228794068E-1,1.270364026E0,-2.522107594E0,2.855464668E0
3.740621125E0,-5.751613677E-2,1.174568507E0,-1.823778722E0,2.170043343E0
3.750597125E0,2.986903936E-1,9.487404142E-1,-7.563917238E-1,1.249581036E0
3.760573125E0,4.961998366E-1,5.757786874E-1,3.174149323E-1,8.237035959E-1
3.770549125E0,4.337936734E-1,1.974202730E-1,1.337709625E0,1.420077024E0
3.780525125E0,3.129551878E-1,-1.119278406E-1,2.178708220E0,2.203914313E0
3.790501125E0,2.363091541E-1,-3.506278481E-1,2.597410376E0,2.631600761E0
3.800476125E0,3.220965786E-1,-5.495951481E-1,2.481769992E0,2.562222341E0
3.810452125E0,7.126068959E-1,-7.267722143E-1,2.308295968E0,2.522743886E0
3.820428125E0,1.312535900E0,-8.237991567E-1,2.432351080E0,2.884047037E0
3.830404125E0,1.848847489E0,-7.730140422E-1,2.715790765E0,3.375101069E0
3.840380125E0,2.202707240E0,-8.216823184E-1,3.319537416E0,4.067727827E0
3.850356125E0,2.240889558E0,-1.244341870E0,4.040101495E0,4.784599544E0
3.860332125E0,1.746117465E0,-1.972569310E0,4.763463467E0,5.443394170E0
3.870308125E0,1.166446286E0,-2.596999902E0,4.951478348E0,5.711579751E0
3.880283125E0,1.013025726E0,-3.100264490E0,4.306229330E0,5.401987789E0
3.890259125E0,1.103849723E0,-2.912268321E0,3.345276859E0,4.570631056E0
3.900235125E0,1.275152165E0,-2.025604433E0,2.409890170E0,3.396565470E0
3.910211125E0,1.658915599E0,-1.220401176E0,2.155722815E0,2.981362248E0
3.920187125E0,2.111175803E0,-1.077190440E0,2.482892073E0,3.432514466E0
3.930163125E0,2.578051414E0,-1.761657318E0,3.388670216E0,4.607914000E0
3.940139125E0,2.801220925E0,-2.733888482E0,4.225033724E0,5.759504742E0
3.950115125E0,2.498795622E0,-3.279234897E0,4.341897345E0,5.987439656E0
3.960091125E0,2.176574717E0,-3.588774800E0,3.702296737E0,5.596765423E0
3.970066125E0,2.133729976E0,-3.786087922E0,2.788105035E0,5.163409247E0
3.980042125E0,2.043391371E0,-3.499398354E0,1.592462870E0,4.353983823E0
3.990018125E0,2.062871516E0,-2.890069659E0,2.197208226E-1,3.557557978E0
3.999994125E0,2.337788008E0,-2.109635793E0,-9.905405509E-1,3.301058395E0
4.009970125E0,2.782519190E0,-1.290310341E0,-1.726031987E0,3.519446013E0
4.019946125E0,3.146605721E0,-6.232719657E-1,-2.265140008E0,3.926888687E0
4.029922125E0,3.340259948E0,-1.660142930E-1,-2.748336952E0,4.328770411E0
4.039898125E0,3.352199670E0,1.112409389E-1,-3.073465531E0,4.549264506E0
4.049873125E0,3.130417120E0,2.269808717E-1,-3.159116716E0,4.453206719E0
4.059849125E0,2.830166104E0,1.568495134E-1,-3.319954907E0,4.365379999E0
4.069825125E0,2.579870483E0,1.450767294E-2,-3.562405611E0,4.398485640E0
4.079801125E0,2.148525478E0,-8.556128338E-2,-3.464990999E0,4.077946184E0
4.089777125E0,1.870082822E0,-1.121728389E-1,-3.451354122E0,3.927039315E0
4.099753125E0,1.604424812E0,-5.079622418E-2,-3.488778641E0,3.840356187E0
4.109729125E0,1.391766256E0,1.406145729E-1,-3.459430296E0,3.731547098E0
4.119705125E0,1.288929813E0,4.724844070E-1,-3.299838731E0,3.574005768E0
4.129681125E0,1.035360701E0,8.409705287E-1,-3.193007762E0,3.460419307E0
4.139656125E0,8.203945423E-1,1.040110906E0,-3.299038247E0,3.555071203E0
4.149632125E0,6.968016527E-1,1.114153613E0,-3.321592128E0,3.572092535E0
4.159608125E0,5.931809879E-1,1.217717158E0,-3.228175841E0,3.500831047E0
4.169584125E0,4.626076192E-1,1.276306405E0,-2.816008533E0,3.126158651E0
4.179560125E0,3.660371251E-1,1.269094596E0,-2.090430467E0,2.472748229E0
4.189536125E0,2.590591719E-1,1.171587012E0,-1.276516174E0,1.751919326E0
4.199512125E0,6.241836928E-2,1.037156162E0,-8.990310413E-1,1.373988999E0
4.209488125E0,-2.900746675E-1,1.096074315E0,-6.767046994E-1,1.320398223E0
4.219463125E0,-6.770902502E-1,1.156390245E0,-7.320339775E-1,1.526945759E0
4.229439125E0,-1.054653443E0,1.148153418E0,-1.012920184E0,1.859181932E0
4.239415125E0,-1.424161293E0,1.275617896E0,-1.177853765E0,2.245612588E0
4.249391125E0,-1.792868586E0,1.470379001E0,-1.235321955E0,2.627244280E0
4.259367125E0,-2.061516716E0,1.672123729E0,-1.001737969E0,2.837133746E0
4.269343125E0,-2.200223342E0,1.764087275E0,-2.680521530E-1,2.832814612E0
4.279319125E0,-2.346616865E0,1.650569430E0,7.810003155E-1,2.973373782E0
4.289295125E0,-2.589318414E0,1.415340768E0,1.694164077E0,3.402638867E0
4.299271125E0,-2.818570783E0,1.027654290E0,2.321880219E0,3.793618636E0
4.309246125E0,-3.031617301E0,6.107198940E-1,2.605911643E0,4.044064508E0
4.319222125E0,-3.294498469E0,3.533273613E-1,2.571978496E0,4.194476579E0
4.329198125E0,-3.482542293E0,2.667625496E-1,2.349659756E0,4.209532522E0
4.339174125E0,-3.615522888E0,3.288374680E-1,2.011960248E0,4.150677519E0
4.349150125E0,-3.825813321E0,5.840381719E-1,1.535306922E0,4.163546024E0
4.359126125E0,-3.984369344E0,7.325796689E-1,1.126947321E0,4.204983033E0
4.369102125E0,-3.961606718E0,5.767570728E-1,1.009520613E0,4.128693302E0
4.379078125E0,-3.792613415E0,6.674362779E-2,1.360221405E0,4.029711342E0
4.389054125E0,-3.650330485E0,-6.951395085E-1,2.333532550E0,4.387881693E0
4.399029125E0,-3.622483706E0,-1.315969092E0,3.388754416E0,5.132038517E0
4.409005125E0,-3.560260560E0,-1.760338625E0,4.131703976E0,5.731075385E0
4.418981125E0,-3.046150264E0,-2.571734960E0,4.664974721E0,6.136354071E0
4.428957125E0,-2.457320152E0,-3.292804531E0,5.062909321E0,6.520278737E0
4.438932333E0,-2.187001911E0,-3.705885174E0,5.027290422E0,6.617417266E0
4.448908333E0,-2.300146118E0,-3.958945066E0,4.301266798E0,6.282102695E0
4.458884333E0,-2.671956528E0,-4.084839419E0,2.930016959E0,5.693001331E0
4.468860333E0,-3.016240878E0,-4.005258522E0,1.290482249E0,5.177368955E0
4.478835333E0,-3.140428722E0,-3.570651940E0,-1.332767558E-1,4.757059021E0
4.488811333E0,-3.047765265E0,-2.877665668E0,-1.131533877E0,4.341681900E0
4.498787333E0,-2.764707402E0,-2.055904851E0,-1.776919720E0,3.876570065E0
4.508763333E0,-2.286008720E0,-1.228990590E0,-2.147716223E0,3.368818593E0
4.518739333E0,-1.672079436E0,-6.466932803E-1,-2.391168555E0,2.988603168E0
4.528715333E0,-1.091205850E0,-3.907081725E-1,-2.509244304E0,2.763998926E0
4.538691333E0,-7.360116921E-1,-3.591501649E-1,-2.566526552E0,2.694023125E0
4.548667333E0,-5.873121741E-1,-2.745922637E-1,-2.771391939E0,2.846216749E0
4.558642333E0,-5.632605296E-1,-1.191734178E-1,-2.983906068E0,3.038940630E0
4.568618333E0,-5.130808944E-1,-8.689401001E-3,-2.994460877E0,3.038111824E0
4.578594333E0,-3.001945898E-1,-1.276300997E-2,-2.879467780E0,2.895101791E0
4.588570333E0,-4.037429318E-2,-1.613755506E-1,-2.661052056E0,2.666246462E0
4.598546333E0,1.062669318E-1,-2.712773310E-1,-2.130885597E0,2.150710924E0
4.608522333E0,1.601168644E-1,-2.542625181E-1,-1.550692701E0,1.579536226E0
4.618498333E0,4.170225433E-1,-4.157184680E-1,-1.376717570E0,1.497357978E0
4.628474333E0,6.846865142E-1,-4.525974418E-1,-1.392647724E0,1.616510981E0
4.638450333E0,8.530337001E-1,-3.710913487E-1,-1.546350558E0,1.804598385E0
4.648425333E0,9.029799584E-1,-1.929117773E-1,-1.972856408E0,2.178244745E0
4.658401333E0,8.887118751E-1,8.873069353E-2,-2.681834815E0,2.826644637E0
4.668377333E0,9.212776503E-1,3.992896193E-1,-3.213471263E0,3.366687135E0
4.678353333E0,9.909875706E-1,6.005271008E-1,-3.246700405E0,3.447281927E0
4.688329333E0,1.100421427E0,5.982103609E-1,-2.890320797E0,3.150037661E0
4.698305333E0,1.250857130E0,4.800036339E-1,-2.288203180E0,2.651588362E0
4.708281333E0,1.393007766E0,3.237792610E-1,-1.678263744E0,2.204965496E0
4.718257333E0,1.414969470E0,2.092076750E-1,-1.215816813E0,1.877263161E0
4.728232333E0,1.397984186E0,2.218364914E-1,-1.017893826E0,1.743467537E0
4.738208333E0,1.524861164E0,3.568980367E-1,-8.385380870E-1,1.776435729E0
4.748184333E0,1.866623317E0,5.340290561E-1,-4.457829505E-1,1.992032148E0
4.758160333E0,2.237726653E0,7.254912356E-1,6.885622680E-2,2.353401641E0
4.768136333E0,2.514081121E0,8.421177524E-1,7.302798128E-1,2.750104507E0
4.778112333E0,2.808182620E0,6.366071257E-1,1.565997788E0,3.277728990E0
4.788088333E0,3.068500953E0,9.500592537E-2,2.437343432E0,3.919868267E0
4.798064333E0,3.042899504E0,-4.327287492E-1,2.891862123E0,4.220113517E0
4.808039333E0,2.695364687E0,-7.832068355E-1,2.881804912E0,4.022835231E0
4.818015333E0,2.410330612E0,-1.018862344E0,2.516069759E0,3.630204012E0
4.827991333E0,2.247487848E0,-1.090715342E0,2.302161069E0,3.397176353E0
4.837967333E0,2.288780447E0,-1.147317193E0,2.779600845E0,3.779025474E0
4.847943333E0,2.614376365E0,-1.283102916E0,3.699590646E0,4.708321125E0
4.857919333E0,2.965690530E0,-1.423360517E0,3.752905558E0,4.990548628E0
4.867895333E0,3.245385951E0,-1.320413561E0,3.137759176E0,4.703355673E0
4.877871333E0,3.339813513E0,-1.031377213E0,2.540977144E0,4.321418529E0
4.887847333E0,3.170998843E0,-7.455505474E-1,2.158590290E0,3.907760397E0
4.897822333E0,3.035432317E0,-7.808700688E-1,2.426559997E0,3.963811403E0
4.907798333E0,3.124167031E0,-1.379899040E0,3.077920525E0,4.597622837E0
4.917774333E0,3.091278782E0,-2.069504305E0,3.744670340E0,5.278390714E0
4.927750333E0,2.893460167E0,-2.484790664E0,3.750937970E0,5.349376790E0
4.937726333E0,2.677606985E0,-2.873544258E0,2.941689756E0,4.907175806E0
4.947702333E0,2.259374653E0,-2.850731639E0,1.950690783E0,4.127546394E0
4.957678333E0,1.879266606E0,-2.459640620E0,7.652941096E-1,3.188596874E0
4.967654333E0,1.611143847E0,-1.877609505E0,-7.026663369E-1,2.571952941E0
4.977629333E0,1.547758568E0,-1.150734233E0,-1.883301038E0,2.695657371E0
4.987605333E0,1.598850661E0,-4.161323047E-1,-2.463187541E0,2.965937018E0
4.997581333E0,1.668192645E0,7.343181923E-2,-2.869056228E0,3.319599761E0
5.007557333E0,1.713355516E0,3.196225485E-1,-3.035807709E0,3.500553405E0
5.017533333E0,1.522128175E0,3.493471617E-1,-3.075307404E0,3.449120649E0
5.027509333E0,1.156320005E0,2.250224930E-1,-2.996265328E0,3.219521236E0
5.037485333E0,7.913568308E-1,-4.780098796E-4,-2.756163450E0,2.867522071E0
5.047461333E0,4.998985659E-1,-2.242800428E-1,-2.519553530E0,2.578439471E0
5.057436333E0,3.121418401E-1,-3.033912626E-1,-2.183425169E0,2.226392655E0
5.067412333E0,8.639215445E-2,-2.553788978E-1,-1.751123559E0,1.771754979E0
5.077388333E0,-9.503242057E-2,-5.184579939E-2,-1.374110881E0,1.378368551E0
5.087364333E0,-2.515222205E-1,2.278772499E-1,-1.235411417E0,1.281184155E0
5.097340333E0,-3.703406393E-1,4.822656293E-1,-1.362536318E0,1.492058157E0
5.107316333E0,-4.561372000E-1,6.617200398E-1,-1.711309868E0,1.890639050E0
5.117292333E0,-6.024990012E-1,8.368244143E-1,-2.105207550E0,2.344179809E0
5.127268333E0,-6.739613320E-1,1.038840891E0,-2.109104134E0,2.445758476E0
5.137244333E0,-6.897377045E-1,1.144301273E0,-1.690187386E0,2.154506185E0
5.147219333E0,-6.965676179E-1,1.049424205E0,-1.035591593E0,1.630627964E0
5.157195333E0,-7.689476692E-1,8.738393359E-1,-6.233406705E-1,1.320389827E0
5.167171333E0,-1.031785787E0,7.657602789E-1,-5.137925005E-1,1.383818430E0
5.177147333E0,-1.311768599E0,7.765918073E-1,-6.492087525E-1,1.656895801E0
5.187123333E0,-1.512960910E0,9.036497569E-1,-8.867974967E-1,1.972826247E0
5.197099333E0,-1.585746612E0,1.114364259E0,-8.549711019E-1,2.118342656E0
5.207075333E0,-1.555585943E0,1.195121617E0,-5.698409861E-1,2.042763338E0
5.217051333E0,-1.449742277E0,1.176745426E0,-1.239457691E-1,1.871321731E0
5.227026333E0,-1.178902244E0,9.430442029E-1,5.634675211E-1,1.611408861E0
5.237002333E0,-1.170713438E0,9.605883349E-1,1.351384508E0,2.029664995E0
5.246978333E0,-1.212237513E0,9.990448876E-1,1.795504510E0,2.385675360E0
5.256954333E0,-1.300005609E0,8.459799846E-1,1.891059124E0,2.445772133E0
5.266930333E0,-1.509295437E0,6.396104018E-1,1.818379403E0,2.448178473E0
5.276906333E0,-1.823785300E0,4.624212027E-1,1.476147133E0,2.391450720E0
5.286882333E0,-2.028447349E0,3.953591940E-1,1.242281896E0,2.411259391E0
5.296858333E0,-2.020622898E0,3.840578417E-1,1.224514546E0,2.393711176E0
5.306833333E0,-2.001046858E0,3.772709785E-1,1.317509834E0,2.425356486E0
5.316809333E0,-1.912912215E0,4.058521686E-1,1.368903936E0,2.387016362E0
5.326785333E0,-1.813414824E0,3.456015815E-1,1.446679505E0,2.345377447E0
5.336761333E0,-1.613232765E0,-2.133985206E-2,1.580534551E0,2.258553699E0
5.346737333E0,-1.471759675E0,-5.458536610E-1,2.154907129E0,2.666019035E0
5.356713333E0,-1.483607303E0,-1.086827382E0,3.035033537E0,3.548762173E0
5.366689333E0,-1.630002872E0,-1.651239959E0,3.707058125E0,4.373303409E0
5.376665333E0,-1.616718437E0,-2.243503117E0,4.396362990E0,5.193755123E0
5.386640333E0,-1.640924301E0,-2.737060305E0,4.566078424E0,5.570745358E0
5.396616333E0,-1.895208600E0,-3.083121916E0,3.907541023E0,5.326005373E0
5.406592333E0,-2.374732324E0,-3.002066935E0,2.723523708E0,4.697801708E0
5.416568333E0,-2.833575616E0,-2.467100497E0,1.141334395E0,3.926624484E0
5.426544333E0,-3.091138741E0,-1.626929137E0,-8.833108020E-1,3.603092436E0
5.436520333E0,-3.101492113E0,-8.817887717E-1,-2.387087783E0,4.011856534E0
5.446496333E0,-2.871579886E0,-5.741806434E-1,-3.216263893E0,4.349713540E0
5.456472333E0,-2.518180604E0,-6.908271870E-1,-3.423755849E0,4.305877364E0
5.466448333E0,-2.192206225E0,-8.056969079E-1,-3.152904049E0,3.923737961E0
5.476423333E0,-1.993359378E0,-7.035673928E-1,-2.533582755E0,3.299625776E0
5.486399333E0,-1.731594443E0,-5.382949653E-1,-1.835732185E0,2.580328165E0
5.496375333E0,-1.353240414E0,-4.312928192E-1,-1.474070202E0,2.046987073E0
5.506351333E0,-1.048540033E0,-2.895542653E-1,-1.454703639E0,1.816436223E0
5.516327333E0,-9.131288975E-1,-1.505058691E-1,-1.645283693E0,1.887700938E0
5.526303333E0,-7.909073261E-1,-6.091804683E-2,-1.911806799E0,2.069843145E0
5.536279333E0,-6.663308617E-1,-2.692482010E-2,-1.890750976E0,2.004909229E0
5.546255333E0,-4.403488407E-1,-5.801198065E-2,-1.711847811E0,1.768529169E0
5.556230333E0,-1.839282614E-1,-4.718512997E-2,-1.537283281E0,1.548966084E0
5.566206333E0,5.258547217E-2,4.325346217E-2,-1.315326483E0,1.317087640E0
5.576182333E0,2.475898218E-1,1.397519624E-1,-9.872088075E-1,1.027332741E0
5.586158333E0,3.613893561E-1,1.889330395E-1,-6.898796457E-1,8.013937145E-1
5.596134333E0,3.426329501E-1,1.374072289E-1,-7.080504531E-1,7.985070627E-1
5.606110333E0,3.713632442E-1,8.386164397E-2,-1.042541009E0,1.109880710E0
5.616086333E0,3.451240101E-1,1.204609747E-1,-1.669616881E0,1.709164111E0
5.626062333E0,4.212850173E-1,1.758481403E-1,-2.171224954E0,2.218698139E0
5.636037333E0,6.896141821E-1,2.749379803E-1,-2.248117594E0,2.367528527E0
5.646013333E0,7.434917428E-1,7.664161903E-1,-1.975951340E0,2.246009226E0
5.655989333E0,8.513679014E-1,1.096845124E0,-1.856678665E0,2.318437447E0
5.665965333E0,9.472109288E-1,1.266161778E0,-1.828814929E0,2.417630707E0
5.675941333E0,9.879709920E-1,1.377839504E0,-1.702850701E0,2.402962524E0
5.685917333E0,9.917544329E-1,1.413478868E0,-1.466040806E0,2.265121412E0
5.695893333E0,9.678529157E-1,1.423789556E0,-1.140687693E0,2.065208072E0
5.705869333E0,1.057612354E0,1.288793865E0,-5.417264038E-1,1.752997722E0
5.715844333E0,1.216672407E0,1.059845698E0,4.896686429E-1,1.686220635E0
5.725820333E0,1.340703692E0,8.143769534E-1,1.706958370E0,2.318275887E0
5.735796333E0,1.271813112E0,6.002869995E-1,2.511079161E0,2.878084715E0
5.745772333E0,1.070703100E0,4.504116064E-1,2.774474591E0,3.007820640E0
5.755748333E0,8.294519524E-1,4.174910514E-1,2.592514502E0,2.753801148E0
5.765724333E0,6.408580515E-1,4.545211758E-1,2.231185811E0,2.365476414E0
5.775700333E0,4.568059753E-1,4.749576330E-1,1.837159490E0,1.951771361E0
5.785676333E0,1.453354686E-1,5.862468114E-1,1.428837896E0,1.551252866E0
5.795652333E0,-8.561610103E-2,6.413800617E-1,1.469558491E0,1.605708771E0
5.805627333E0,-4.432920367E-3,3.718824770E-1,1.860504498E0,1.897312103E0
5.815603333E0,-8.133857042E-2,-2.316374481E-3,2.656822180E0,2.658067987E0
5.825579333E0,-5.018589181E-1,1.309279293E-2,2.924679621E0,2.967454242E0
5.835555333E0,-8.056594858E-1,4.001549341E-1,2.322082533E0,2.490236629E0
5.845531333E0,-6.397704694E-1,9.187124768E-1,1.463110766E0,1.842289874E0
5.855507333E0,-3.206898846E-1,1.246239145E0,8.214858520E-1,1.526693491E0
5.865483333E0,-1.203237844E-1,1.349896830E0,8.189563465E-1,1.583473638E0
5.875459333E0,1.184010006E-1,1.043333745E0,1.366460969E0,1.723304872E0
5.885434333E0,4.286676387E-1,3.484712487E-1,2.584459963E0,2.642843441E0
5.895410333E0,7.076677528E-1,-3.940349458E-1,4.155663527E0,4.233863075E0
5.905386333E0,5.678420424E-1,-1.042286655E0,4.948128478E0,5.088495012E0
5.915362333E0,2.729830369E-1,-1.738327512E0,4.623343130E0,4.946878205E0
5.925338333E0,-9.569816262E-2,-2.232272370E0,3.767547571E0,4.380252592E0
5.935314333E0,-7.577951286E-1,-2.421379949E0,2.215205371E0,3.368155155E0
5.945290333E0,-1.480522312E0,-2.136245448E0,4.355748814E-1,2.635377849E0
5.955266333E0,-2.012870075E0,-1.189682829E0,-1.207971019E0,2.631764646E0
5.965241333E0,-2.095731552E0,-1.281760103E-1,-2.289526990E0,3.106517933E0
5.975217333E0,-1.789956672E0,3.990487871E-1,-2.940458332E0,3.465469669E0
5.985193333E0,-1.439419602E0,3.529867610E-1,-3.053589091E0,3.394250253E0
5.995169333E0,-1.125576661E0,1.592715763E-1,-2.544733395E0,2.787105722E0
6.005145333E0,-1.095709887E0,9.103639685E-2,-1.982427131E0,2.266910918E0
6.015121333E0,-1.258497394E0,6.578738876E-2,-1.561633426E0,2.006699437E0
6.025097333E0,-1.397992079E0,-6.157878220E-2,-1.518344150E0,2.064834801E0
6.035073333E0,-1.583096508E0,-1.932902384E-1,-1.910185366E0,2.488446062E0
6.045049333E0,-1.777291311E0,-1.628586238E-1,-2.370110393E0,2.966936232E0
6.055024333E0,-1.869381157E0,-4.172551163E-2,-2.686936510E0,3.273523291E0
6.065000333E0,-1.754972927E0,1.103267267E-1,-2.710959796E0,3.231316291E0
6.074976333E0,-1.549477357E0,1.812329143E-1,-2.442022959E0,2.897792536E0
6.084952333E0,-1.341548029E0,2.008107079E-1,-2.153600276E0,2.545205337E0
6.094928333E0,-1.212636293E0,2.385303652E-1,-2.056102048E0,2.398945424E0
6.104904333E0,-1.161006475E0,3.439081547E-1,-2.199533663E0,2.510808075E0
6.114880333E0,-1.138309704E0,4.216562424E-1,-2.511772056E0,2.789720744E0
6.124856333E0,-1.168638334E0,4.920322336E-1,-2.897315821E0,3.162633435E0
6.134831333E0,-1.246447014E0,5.080725349E-1,-3.190582922E0,3.462887125E0
6.144807333E0,-1.270461675E0,5.427260219E-1,-3.292458960E0,3.570561638E0
6.154783333E0,-1.242718829E0,5.619202382E-1,-3.276593125E0,3.549107909E0
6.164759333E0,-1.192415744E0,5.282182393E-1,-3.108383934E0,3.370893130E0
6.174735333E0,-1.166688946E0,4.412240227E-1,-2.875989856E0,3.134830041E0
6.184711333E0,-1.095326602E0,3.596281017E-1,-2.627321808E0,2.869127501E0
6.194687333E0,-1.004533523E0,3.077695115E-1,-2.319061276E0,2.545948718E0
6.204663333E0,-8.548483104E-1,2.682665631E-1,-2.101181742E0,2.284227943E0
6.214638333E0,-6.610554307E-1,2.795343304E-1,-1.999964685E0,2.124851163E0
6.224614333E0,-4.214686929E-1,4.159895595E-1,-1.901806306E0,1.991871080E0
6.234590333E0,-2.602377878E-1,5.914711890E-1,-1.807446279E0,1.919485328E0
6.244566333E0,-1.648110091E-1,7.196878740E-1,-1.760186743E0,1.908761555E0
6.254542333E0,-7.312169753E-2,7.600699878E-1,-1.679511539E0,1.844942324E0
6.264518333E0,-2.135813923E-1,9.517192782E-1,-1.354853076E0,1.669435070E0
6.274494333E0,-2.914760258E-1,1.006389941E0,-1.010655558E0,1.455748482E0
6.284470333E0,-2.441493932E-1,8.367820951E-1,-6.241171807E-1,1.072070639E0
6.294445333E0,-2.543071032E-1,6.558248039E-1,-2.797226107E-1,7.569828367E-1
6.304421333E0,-4.677201688E-1,5.961769551E-1,-1.915822667E-1,7.815963683E-1
6.314397333E0,-6.988656467E-1,6.332201991E-1,-4.267806691E-1,1.035143832E0
6.324373333E0,-8.395924131E-1,7.362721856E-1,-6.649272376E-1,1.299669336E0
6.334349333E0,-8.621265589E-1,8.234867692E-1,-5.857430738E-1,1.328340171E0
6.344325333E0,-8.988522626E-1,8.594486073E-1,-1.435608387E-1,1.251877395E0
6.354301333E0,-1.002442120E0,8.310307007E-1,3.839948380E-1,1.357554516E0
6.364277333E0,-1.225000450E0,7.344170102E-1,7.940390217E-1,1.634164134E0
6.374253333E0,-1.530539103E0,5.761945341E-1,9.503508836E-1,1.891485365E0
6.384228333E0,-1.677206567E0,3.751869943E-1,8.721145535E-1,1.927270335E0
6.394204333E0,-1.523181551E0,1.207169000E-1,8.126670814E-1,1.730630634E0
6.404180333E0,-1.201977258E0,-1.876052464E-1,1.461188201E0,1.901319546E0
6.414156333E0,-8.115822036E-1,-4.497905225E-1,2.618932223E0,2.778449779E0
6.424132333E0,-4.738074857E-1,-6.628178546E-1,3.796971345E0,3.883402173E0
6.434108333E0,-1.869712986E-1,-1.038288695E0,4.493964713E0,4.616136970E0
6.444084250E0,-1.127737865E-1,-1.510407431E0,4.687962465E0,4.926564788E0
6.454060250E0,-5.072232268E-1,-1.827062957E0,4.302454952E0,4.701760634E0
6.464035250E0,-1.211792905E0,-1.881632243E0,3.260916740E0,3.955067626E0
6.474011250E0,-1.812441701E0,-1.637812852E0,1.805004482E0,3.037337162E0
6.483987250E0,-2.250133129E0,-1.249636816E0,3.502359384E-1,2.597567416E0
6.493963250E0,-2.538470442E0,-9.113543406E-1,-6.845054698E-1,2.782615076E0
6.503939250E0,-2.608006993E0,-7.948699111E-1,-1.159751371E0,2.962860424E0
6.513915250E0,-2.582026936E0,-8.179827120E-1,-1.401891003E0,3.049796256E0
6.523891250E0,-2.595561486E0,-8.010040057E-1,-1.516589985E0,3.111043560E0
6.533867250E0,-2.596084228E0,-7.426825612E-1,-1.614964710E0,3.146321935E0
6.543842250E0,-2.570829226E0,-6.858658976E-1,-1.760773219E0,3.190595127E0
6.553818250E0,-2.561073147E0,-5.232949568E-1,-1.938118100E0,3.254110484E0
6.563794250E0,-2.507520545E0,-3.065655332E-1,-2.198761246E0,3.349058484E0
6.573770250E0,-2.413747871E0,-1.006833890E-1,-2.362230685E0,3.378823721E0
6.583746250E0,-2.258253742E0,6.371553753E-2,-2.358789014E0,3.266137664E0
6.593722250E0,-2.060081078E0,1.721365105E-1,-2.226277074E0,3.038070874E0
6.603698250E0,-1.894539094E0,1.938709765E-1,-2.102295052E0,2.836636885E0
6.613674250E0,-1.772082319E0,1.377580345E-1,-2.082775877E0,2.738103061E0
6.623649250E0,-1.689501946E0,1.095714309E-1,-2.020815271E0,2.636307471E0
6.633625250E0,-1.576153086E0,1.272871787E-1,-1.864270105E0,2.444578410E0
6.643601250E0,-1.430915119E0,1.139120018E-1,-1.802160981E0,2.303970100E0
6.653577250E0,-1.256332317E0,8.021550301E-2,-1.746108402E0,2.152603068E0
6.663553250E0,-1.010544022E0,1.034267382E-1,-1.670703878E0,1.955287130E0
6.673529250E0,-7.704006292E-1,1.904287755E-1,-1.597811903E0,1.784035629E0
6.683505250E0,-6.646344383E-1,3.010002265E-1,-1.494128491E0,1.662756753E0
6.693481250E0,-6.913676890E-1,4.232884926E-1,-1.437213448E0,1.650074218E0
6.703456250E0,-6.840533338E-1,5.023517653E-1,-1.397462322E0,1.634988440E0
6.713432250E0,-7.023005936E-1,6.413014897E-1,-1.411410854E0,1.701932526E0
6.723408250E0,-6.801266362E-1,8.226960795E-1,-1.652707903E0,1.967446185E0
6.733384250E0,-5.887466789E-1,1.057904349E0,-1.921248298E0,2.270898344E0
6.743360250E0,-4.128210995E-1,1.298486502E0,-1.937693592E0,2.368785536E0
6.753336250E0,-1.170549716E-1,1.479571993E0,-1.569610782E0,2.160211369E0
6.763312250E0,1.146313555E-1,1.570952280E0,-9.992096329E-1,1.865328739E0
6.773288250E0,1.944451731E-1,1.609892836E0,-4.041332334E-1,1.671193447E0
6.783263250E0,1.478757184E-1,1.553245449E0,1.407465738E-1,1.566604050E0
6.793239250E0,2.402718213E-2,1.365968779E0,7.896167725E-1,1.577955215E0
6.803215250E0,-1.293761331E-1,1.069032112E0,1.335478327E0,1.715537876E0
6.813191250E0,-3.215379867E-1,7.227416555E-1,1.733752066E0,1.905685809E0
6.823167250E0,-5.874350022E-1,5.090913391E-1,2.118911669E0,2.256998125E0
6.833143250E0,-8.111238550E-1,4.478484064E-1,2.435063603E0,2.605383821E0
6.843119250E0,-9.739384785E-1,4.670135327E-1,2.557577974E0,2.776303818E0
6.853095250E0,-1.167022529E0,5.295287100E-1,2.487345897E0,2.798076455E0
6.863071250E0,-1.465895941E0,7.062627400E-1,2.401536253E0,2.900867860E0
6.873046250E0,-1.878268486E0,9.525082138E-1,2.077169566E0,2.958005715E0
6.883022250E0,-2.214844598E0,1.106414750E0,1.469036334E0,2.878846634E0
6.892998250E0,-2.186840966E0,1.037306509E0,1.370152901E0,2.781294155E0
6.902974250E0,-1.795749801E0,6.643890745E-1,2.054350807E0,2.808289057E0
6.912950250E0,-1.419470949E0,2.416556288E-1,3.215086849E0,3.522794156E0
6.922926250E0,-1.259412776E0,-9.051266905E-2,4.305414228E0,4.486747681E0
6.932902250E0,-1.247127483E0,-5.482639198E-1,4.916077550E0,5.101346760E0
6.942878250E0,-1.458245298E0,-1.136741846E0,4.756995862E0,5.103691900E0
6.952853250E0,-1.978546334E0,-1.642328072E0,4.050676770E0,4.797902602E0
6.962829250E0,-2.482042765E0,-2.065108076E0,3.139981118E0,4.503852692E0
6.972805250E0,-2.722354265E0,-2.417338353E0,2.388646066E0,4.354350409E0
6.982781250E0,-2.733703418E0,-2.619221368E0,2.048407112E0,4.304582053E0
6.992757250E0,-2.604193146E0,-2.614193054E0,1.926033660E0,4.162383083E0
7.002733250E0,-2.417694156E0,-2.457369269E0,1.580023504E0,3.792147549E0
7.012709250E0,-2.233970548E0,-2.094127953E0,9.827941597E-1,3.215879452E0
7.022685250E0,-2.140723245E0,-1.632039896E0,1.942503512E-1,2.698885591E0
7.032660250E0,-2.074540658E0,-1.256745569E0,-4.983757317E-1,2.476187944E0
7.042636250E0,-2.000896585E0,-1.035649042E0,-1.118933128E0,2.515584907E0
7.052612250E0,-1.915090157E0,-8.469535460E-1,-1.634573933E0,2.656451121E0
7.062588250E0,-1.871946915E0,-6.038352361E-1,-1.978353961E0,2.789746698E0
7.072564250E0,-1.944439525E0,-3.121431557E-1,-2.282782812E0,3.014859164E0
7.082540250E0,-2.019941697E0,-4.020048469E-2,-2.637242779E0,3.322172484E0
7.092516250E0,-2.032005234E0,1.854387434E-1,-3.033179385E0,3.655627166E0
7.102492250E0,-2.026556945E0,3.646191388E-1,-3.419049425E0,3.991212740E0
7.112467250E0,-2.002303279E0,4.689969814E-1,-3.755307595E0,4.281531469E0
7.122443250E0,-1.956698359E0,5.222684050E-1,-4.013624133E0,4.495621363E0
7.132419250E0,-1.859450684E0,5.263465456E-1,-4.046177337E0,4.483988021E0
7.142395250E0,-1.732756870E0,4.410388852E-1,-3.830503957E0,4.227259424E0
7.152371250E0,-1.687087630E0,2.566308597E-1,-3.613162951E0,3.995881703E0
7.162347250E0,-1.778154360E0,-1.856797948E-2,-3.395058884E0,3.832571268E0
7.172323250E0,-1.955236701E0,-3.297027829E-1,-3.142001916E0,3.715350659E0
7.182299250E0,-2.138961626E0,-6.047439665E-1,-2.906533957E0,3.659072525E0
7.192274250E0,-2.284414039E0,-8.716552547E-1,-2.750307464E0,3.680016512E0
7.202250250E0,-2.267889076E0,-1.079264593E0,-2.671143765E0,3.666489048E0
7.212226250E0,-2.076695942E0,-1.133627984E0,-2.575873911E0,3.497556983E0
7.222202250E0,-1.684294123E0,-1.009809246E0,-2.311590874E0,3.033152448E0
7.232178250E0,-1.242810046E0,-8.074586009E-1,-1.990286373E0,2.481492706E0
7.242154250E0,-8.732764683E-1,-6.197213171E-1,-1.653013712E0,1.969548332E0
7.252130250E0,-5.194344423E-1,-5.060564149E-1,-1.079398348E0,1.300386877E0
7.262106250E0,-2.842875137E-1,-3.976370499E-1,-1.925879878E-1,5.253805734E-1
7.272081250E0,-7.183550195E-2,-3.798161253E-1,6.011691982E-1,7.147202482E-1
7.282057250E0,-5.645262874E-3,-4.244955407E-1,1.048073645E0,1.130790298E0
7.292033250E0,-1.231729773E-1,-3.957998548E-1,1.129031854E0,1.202722759E0
7.302009250E0,-4.400757391E-1,-2.485946658E-1,7.515876514E-1,9.057317273E-1
7.311985250E0,-7.943957750E-1,-1.317424464E-1,1.608089554E-1,8.211456872E-1
7.321961250E0,-1.040878792E0,-5.892834898E-2,-2.288880873E-1,1.067375738E0
7.331937250E0,-1.202904188E0,-6.198457897E-2,-3.056105733E-1,1.242665842E0
7.341913250E0,-1.167543589E0,-1.445921414E-1,5.239397585E-2,1.177628995E0
7.351888250E0,-9.600452748E-1,-2.218701129E-1,6.927284092E-1,1.204485751E0
7.361864250E0,-8.875574154E-1,-1.607640781E-1,1.447103428E0,1.705201333E0
7.371840250E0,-9.904222179E-1,-5.779186953E-2,2.063570112E0,2.289671958E0
7.381816250E0,-1.267145572E0,7.692951400E-2,2.313620442E0,2.639017924E0
7.391792250E0,-1.700739856E0,2.471171475E-1,1.984358466E0,2.625121228E0
7.401768250E0,-2.134730142E0,3.855870348E-1,1.191174892E0,2.474802571E0
7.411744250E0,-2.402038821E0,3.911309993E-1,5.017601001E-1,2.484861597E0
7.421720250E0,-2.425904524E0,1.202384151E-1,4.349153155E-1,2.467513195E0
7.431695250E0,-2.261951375E0,-4.241936782E-1,1.180802516E0,2.586630797E0
7.441671583E0,-2.283088913E0,-7.677739137E-1,2.130392677E0,3.215671738E0
7.451647583E0,-2.768018973E0,-7.718773435E-1,2.491927190E0,3.803606813E0
7.461623583E0,-3.200683695E0,-6.393404067E-1,2.068242037E0,3.864033824E0
7.471599583E0,-3.419965099E0,-5.858997792E-1,8.531485248E-1,3.573136190E0
7.481575583E0,-3.438874117E0,-5.220552740E-1,-3.481572533E-1,3.495655930E0
7.491551583E0,-3.289932963E0,-3.640680752E-1,-7.681797105E-1,3.397985364E0
7.501527583E0,-2.957261768E0,-2.727844873E-1,-4.245160425E-1,3.000003735E0
7.511502583E0,-2.368015481E0,-4.258834504E-1,4.948790967E-1,2.456375247E0
7.521478583E0,-1.710450327E0,-8.190849853E-1,1.588976761E0,2.474143827E0
7.531454583E0,-1.165743963E0,-1.234207476E0,2.621400917E0,3.123134619E0
7.541430583E0,-9.487062080E-1,-1.479292058E0,3.214859977E0,3.663833120E0
7.551406583E0,-1.103263978E0,-1.536333109E0,3.089457666E0,3.622465942E0
7.561382583E0,-1.389735226E0,-1.499227263E0,2.236608519E0,3.030093076E0
7.571358583E0,-1.280413782E0,-1.551043680E0,1.131454355E0,2.307679550E0
7.581334583E0,-1.494190764E0,-9.949647005E-1,-1.811262757E-1,1.804263706E0
7.591309583E0,-1.525000035E0,-4.486016008E-1,-9.781988329E-1,1.866478358E0
7.601285583E0,-1.125299284E0,-5.767708138E-2,-1.447987527E0,1.834746032E0
7.611261583E0,-7.539860331E-1,3.287538528E-1,-1.568341936E0,1.770951852E0
7.621237583E0,-5.556910532E-1,6.289381369E-1,-1.490642965E0,1.710664250E0
7.631213583E0,-4.490589993E-1,7.492588516E-1,-1.570989556E0,1.797512447E0
7.641189583E0,-4.823515834E-1,8.449132331E-1,-1.948012174E0,2.177450998E0
7.651165583E0,-5.275683578E-1,9.158397397E-1,-2.477538947E0,2.693564559E0
7.661141583E0,-5.425851040E-1,1.031718690E0,-3.002875021E0,3.221195498E0
7.671116583E0,-5.275985076E-1,1.164369428E0,-3.297463008E0,3.536577249E0
7.681092583E0,-4.645924566E-1,1.297246892E0,-3.292119237E0,3.568857621E0
7.691068583E0,-4.239448791E-1,1.405619187E0,-2.968782830E0,3.311973135E0
7.701044583E0,-3.876655007E-1,1.467350290E0,-2.383272475E0,2.825489179E0
7.711020583E0,-2.928098853E-1,1.475878454E0,-1.546718348E0,2.157844408E0
7.720996583E0,-2.070292217E-1,1.446093029E0,-7.327555239E-1,1.634312334E0
7.730972583E0,-5.219948284E-2,1.345592987E0,-5.193496943E-2,1.347606216E0
7.740948583E0,1.658516308E-1,1.220387070E0,4.994375861E-1,1.329018159E0
7.750923583E0,4.828542978E-1,1.121997142E0,1.074918796E0,1.627106720E0
7.760899583E0,7.453340542E-1,1.039692684E0,1.487096044E0,1.961616266E0
7.770875583E0,7.902939532E-1,8.445869585E-1,1.821027607E0,2.157320840E0
7.780851583E0,7.165885574E-1,4.828317129E-1,2.372589612E0,2.525036057E0
7.790827583E0,6.344072570E-1,1.295333683E-1,3.085177504E0,3.152391425E0
7.800803583E0,6.071559430E-1,-5.439116545E-2,3.842393101E0,3.890447465E0
7.810779583E0,6.770443495E-1,-1.172246139E-1,4.306317038E0,4.360790879E0
7.820755583E0,7.704982046E-1,-1.164529277E-1,4.357262074E0,4.426393741E0
7.830730583E0,9.285797994E-1,3.891468197E-3,3.982818663E0,4.089635691E0
7.840706583E0,1.124454215E0,1.770875307E-1,3.562295684E0,3.739747025E0
7.850682583E0,1.321275587E0,3.070660184E-1,3.320757145E0,3.587127923E0
7.860658583E0,1.390388652E0,2.120236210E-1,3.186339013E0,3.482942854E0
7.870634583E0,1.298643938E0,-1.332520513E-1,3.104588506E0,3.367892810E0
7.880610583E0,1.021508282E0,-5.665666185E-1,3.137810631E0,3.348183457E0
7.890586583E0,4.796214088E-1,-1.165881445E0,3.289417239E0,3.522723664E0
7.900562583E0,-1.583562677E-1,-1.732324468E0,3.740700080E0,4.125392328E0
7.910537583E0,-4.708015783E-1,-2.315089117E0,4.519289589E0,5.099536266E0
7.920513583E0,-4.882892116E-1,-2.760159145E0,5.534131753E0,6.203508614E0
7.930489583E0,-1.240744078E-1,-3.114856217E0,6.001119046E0,6.762481314E0
7.940465583E0,5.076631567E-1,-3.456289757E0,5.775387286E0,6.749722888E0
7.950441583E0,7.023311453E-1,-3.224794981E0,5.326348021E0,6.265983957E0
7.960417583E0,4.039007701E-1,-2.628202398E0,4.124778534E0,4.907584093E0
7.970393583E0,1.174167681E-1,-2.085865399E0,2.553367394E0,3.299137191E0
7.980369583E0,-3.787223306E-2,-1.630984620E0,1.022434773E0,1.925335815E0
7.990344583E0,-1.351914631E-1,-1.309554697E0,-2.589176327E-1,1.341733422E0
8.000320583E0,-1.093614245E-1,-1.161995240E0,-9.966046983E-1,1.534735737E0
8.010296583E0,1.160509316E-1,-1.019572415E0,-1.359954187E0,1.703664028E0
8.020272583E0,3.880939189E-1,-7.817524137E-1,-1.369418491E0,1.623902931E0
8.030248583E0,6.190361696E-1,-5.587629975E-1,-1.235889135E0,1.490920461E0
8.040224583E0,6.421896087E-1,-3.705416373E-1,-1.298903993E0,1.495613647E0
8.050200583E0,5.336295816E-1,-2.710307246E-1,-1.504413158E0,1.619097630E0
8.060176583E0,3.503657832E-1,-1.922131813E-1,-1.670800942E0,1.717928368E0
8.070151583E0,1.388276273E-1,-2.005273372E-1,-1.856088681E0,1.872044208E0
8.080127583E0,-9.283006679E-2,-2.858037881E-1,-2.212415664E0,2.232730234E0
8.090103583E0,-3.909593104E-1,-4.188447549E-1,-2.633802277E0,2.695402483E0
8.100079583E0,-6.840735067E-1,-5.008929580E-1,-2.846568421E0,2.970151864E0
8.110055583E0,-8.349306473E-1,-5.977132013E-1,-2.848154771E0,3.027599025E0
8.120031583E0,-1.108998927E0,-4.844883753E-1,-2.844326014E0,3.091083642E0
8.130007583E0,-1.189305099E0,-4.887416399E-1,-2.834706175E0,3.112695633E0
8.139983583E0,-1.247834704E0,-6.003731728E-1,-2.645258142E0,2.985788009E0
8.149958583E0,-1.206544225E0,-6.018292757E-1,-1.973446392E0,2.390070733E0
8.159934583E0,-1.049028349E0,-5.202534545E-1,-1.214783610E0,1.687253198E0
8.169910583E0,-9.266335537E-1,-3.963230344E-1,-5.437863779E-1,1.145174797E0
8.179886583E0,-8.731758231E-1,-2.101005448E-1,-3.176096445E-1,9.526038753E-1
8.189862583E0,-9.323978850E-1,3.825175390E-3,-6.297205675E-1,1.125134855E0
8.199838583E0,-1.035710146E0,1.849462616E-1,-1.140618696E0,1.551744707E0
8.209814583E0,-1.158902866E0,3.333979308E-1,-1.351320773E0,1.811153739E0
8.219790583E0,-1.153290709E0,2.377944200E-1,-1.032208979E0,1.565912201E0
8.229765583E0,-1.365683728E0,2.107140274E-1,-6.336750394E-1,1.520209361E0
8.239741583E0,-1.543866954E0,2.126622466E-1,-1.998092991E-1,1.571201501E0
8.249717583E0,-1.443417343E0,2.081495117E-1,2.601332688E-1,1.481367329E0
8.259693583E0,-1.397844145E0,2.165325551E-1,8.402074671E-1,1.645236514E0
8.269669583E0,-1.457581346E0,1.771561990E-1,1.149964301E0,1.865032330E0
8.279645583E0,-1.576774060E0,1.271729936E-1,1.053809178E0,1.900763844E0
8.289621583E0,-1.713625657E0,1.508269178E-2,6.914274037E-1,1.847921058E0
8.299597583E0,-1.746747795E0,-1.678874120E-1,4.562021041E-1,1.813128347E0
8.309572583E0,-2.069617741E0,-1.076637585E-1,3.985602522E-1,2.110393175E0
8.319548583E0,-2.399427016E0,-3.364428501E-2,2.592994559E-1,2.413631735E0
8.329524583E0,-2.525313622E0,-1.511229970E-1,-1.049990362E-1,2.532009449E0
8.339500583E0,-2.589765434E0,-4.210604111E-1,-2.149974418E-1,2.632565436E0
8.349476583E0,-2.679992649E0,-8.564260353E-1,-6.578117609E-4,2.813507879E0
8.359452583E0,-2.662134960E0,-1.344826125E0,3.013625711E-1,2.997722344E0
8.369428583E0,-2.500495116E0,-1.827113096E0,6.037039661E-1,3.155198341E0
8.379404583E0,-2.222628996E0,-2.227222130E0,1.046825264E0,3.316088238E0
8.389379583E0,-1.985581411E0,-2.278287326E0,1.472694937E0,3.361838345E0
8.399355583E0,-1.913299301E0,-2.086959852E0,1.469333373E0,3.189836390E0
8.409331583E0,-2.000453804E0,-1.918800069E0,1.040005656E0,2.960611574E0
8.419307583E0,-2.126444345E0,-1.829390295E0,3.787668425E-1,2.830529760E0
8.429283583E0,-2.250134591E0,-1.733147171E0,-2.957094830E-1,2.855582058E0
8.439258875E0,-2.354824748E0,-1.576099876E0,-8.958858240E-1,2.971851581E0
8.449234875E0,-2.291141114E0,-1.419079039E0,-1.379916582E0,3.027752086E0
8.459209875E0,-2.132696334E0,-1.250840758E0,-1.724451485E0,3.014420206E0
8.469185875E0,-1.675515552E0,-1.106656094E0,-1.786718484E0,2.687824960E0
8.479161875E0,-1.037848326E0,-8.790800491E-1,-1.436198371E0,1.978023418E0
8.489137875E0,-4.356690582E-1,-6.180850469E-1,-8.280674779E-1,1.121397522E0
8.499113875E0,-3.135635175E-2,-4.092590854E-1,-3.628846353E-1,5.478699465E-1
8.509089875E0,8.173018768E-3,-3.313444617E-1,-3.089727223E-1,4.531226034E-1
8.519065875E0,-2.009706292E-1,-3.704390918E-1,-6.992077088E-1,8.163980246E-1
8.529041875E0,-4.282997757E-1,-3.977708415E-1,-1.213477927E0,1.346919084E0
8.539016875E0,-6.153481114E-1,-3.415581588E-1,-1.687912234E0,1.828759958E0
8.548992875E0,-6.178501350E-1,-1.899421592E-1,-1.934749519E0,2.039870710E0
8.558968875E0,-5.134141856E-1,-2.951813333E-2,-2.001327671E0,2.066344089E0
8.568944875E0,-3.150352617E-1,1.387558527E-1,-2.051907840E0,2.080583137E0
8.578920875E0,-1.119542261E-1,3.040806493E-1,-2.054884658E0,2.080276363E0
8.588896875E0,3.931375444E-2,4.330932866E-1,-1.948239630E0,1.996184617E0
8.598872875E0,1.184615924E-1,5.163685644E-1,-1.777975727E0,1.855227029E0
8.608848875E0,1.622815036E-1,5.132300714E-1,-1.648428910E0,1.734087156E0
8.618823875E0,1.990559585E-1,4.715559788E-1,-1.671077515E0,1.747709466E0
8.628799875E0,1.811629669E-1,3.588822162E-1,-1.852061119E0,1.895190453E0
8.638775875E0,5.662326694E-2,3.474767835E-1,-1.917109054E0,1.949167370E0
8.648751875E0,-8.538016587E-2,4.853914046E-1,-1.763636600E0,1.831204152E0
8.658727875E0,-5.079556637E-2,5.838438982E-1,-1.512616802E0,1.622178620E0
8.668703875E0,1.405517884E-1,6.009461269E-1,-9.890518498E-1,1.165810711E0
8.678679875E0,2.982342377E-1,6.112367879E-1,-3.518497699E-1,7.657364638E-1
8.688655875E0,5.176887926E-1,5.551168200E-1,2.432465100E-1,7.970729167E-1
8.698630875E0,7.847285002E-1,4.208135490E-1,8.503535557E-1,1.231253033E0
8.708606875E0,1.026087895E0,2.011001451E-1,1.455593585E0,1.792219384E0
8.718582875E0,1.249002686E0,-4.182889771E-2,1.917692606E0,2.288952227E0
8.728558875E0,1.473157159E0,-2.254892104E-1,2.228931710E0,2.681263502E0
8.738534875E0,1.522879250E0,-3.454201716E-1,2.550953078E0,2.990959363E0
8.748510875E0,1.367041305E0,-4.179525064E-1,2.785197215E0,3.130624499E0
8.758486875E0,1.183317111E0,-5.187222515E-1,3.041634459E0,3.304671291E0
8.768462875E0,1.119922257E0,-7.096511284E-1,3.372743570E0,3.623979826E0
8.778437875E0,1.274195268E0,-9.922032067E-1,3.814726415E0,4.142484569E0
8.788413875E0,1.517800066E0,-1.125374274E0,4.040540621E0,4.460510375E0
8.798389875E0,1.930772536E0,-1.005010509E0,3.645610905E0,4.245987233E0
8.808365875E0,2.319480522E0,-8.590669303E-1,3.140770492E0,3.997802542E0
8.818341875E0,2.530003966E0,-7.735451887E-1,2.857526103E0,3.894194096E0
8.828317875E0,2.515230684E0,-8.742384084E-1,2.665622240E0,3.767787164E0
8.838293875E0,2.418235609E0,-1.179138399E0,2.711373779E0,3.819656868E0
8.848269875E0,2.357002397E0,-1.650863983E0,2.874802287E0,4.067591471E0
8.858244875E0,2.365679957E0,-2.064066541E0,2.888051493E0,4.265870810E0
8.868220875E0,2.490853057E0,-2.282317227E0,2.504526771E0,4.205469679E0
8.878196875E0,2.528914045E0,-2.312214625E0,1.753823218E0,3.849368598E0
8.888172875E0,2.521029952E0,-2.063914074E0,8.111356956E-1,3.357569723E0
8.898148875E0,2.549170555E0,-1.769323310E0,-2.189413887E-1,3.110741202E0
8.908124875E0,2.634356593E0,-1.578642684E0,-1.053892209E0,3.246942588E0
8.918100875E0,2.746483385E0,-1.498309981E0,-1.489478785E0,3.465061447E0
8.928075875E0,2.831004595E0,-1.534984156E0,-1.648516619E0,3.617785292E0
8.938051875E0,2.727833983E0,-1.523407546E0,-1.741282695E0,3.576858148E0
8.948027875E0,2.426352421E0,-1.478392172E0,-1.921497390E0,3.430011910E0
8.958003875E0,2.047429604E0,-1.360519321E0,-2.199758196E0,3.298775065E0
8.967979875E0,1.776766523E0,-1.222228797E0,-2.534476794E0,3.327809359E0
8.977955875E0,1.577811210E0,-9.777235273E-1,-2.878075558E0,3.424726329E0
8.987931875E0,1.436660447E0,-6.494919770E-1,-3.254030474E0,3.615874361E0
8.997907875E0,1.318036668E0,-3.264244683E-1,-3.587738673E0,3.836097285E0
9.007882875E0,1.236320660E0,4.421372116E-3,-3.845581003E0,4.039430847E0
9.017858875E0,1.078842205E0,2.880231719E-1,-3.964965944E0,4.119200503E0
9.027834875E0,8.822438313E-1,4.786652794E-1,-3.774090605E0,3.905282900E0
9.037810875E0,6.666228571E-1,5.206502612E-1,-3.333588860E0,3.439226282E0
9.047786875E0,3.480411860E-1,4.649722698E-1,-2.868400170E0,2.926610909E0
9.057762875E0,2.392384630E-2,4.448478346E-1,-2.578204612E0,2.616409938E0
9.067738875E0,-2.239730457E-1,5.566889171E-1,-2.353439981E0,2.428733460E0
9.077714875E0,-4.762741336E-1,7.753236193E-1,-2.271224620E0,2.446717197E0
9.087689875E0,-7.218034697E-1,1.083974087E0,-2.279113684E0,2.624949381E0
9.097665875E0,-9.321544947E-1,1.349863940E0,-2.265900146E0,2.797382371E0
9.107641875E0,-1.044191678E0,1.498799247E0,-2.079566925E0,2.767911494E0
9.117617875E0,-1.121998092E0,1.532214330E0,-1.582614405E0,2.472089971E0
9.127593875E0,-1.198414915E0,1.543222298E0,-1.021881042E0,2.204988488E0
9.137569875E0,-1.243208972E0,1.508776058E0,-2.387459081E-1,1.969510942E0
9.147545875E0,-1.328110689E0,1.413207119E0,7.303657669E-1,2.072309465E0
9.157521875E0,-1.624033450E0,1.274826036E0,1.376819896E0,2.481592048E0
9.167496875E0,-2.060635541E0,1.162076297E0,1.651098164E0,2.884920328E0
9.177472875E0,-2.581643359E0,1.054633928E0,1.501372606E0,3.167215632E0
9.187448875E0,-3.052534838E0,8.806312423E-1,1.044650685E0,3.344364719E0
9.197424875E0,-3.340760470E0,7.275919209E-1,8.495875704E-1,3.523048334E0
9.207400875E0,-3.397886013E0,5.775011310E-1,9.076322955E-1,3.564117464E0
9.217376875E0,-3.186793049E0,3.274075314E-1,1.450957913E0,3.516834442E0
9.227352875E0,-2.753636284E0,4.104277611E-2,2.496811370E0,3.717292605E0
9.237327875E0,-2.426512781E0,-1.318069851E-1,3.612855973E0,4.354086085E0
9.247303875E0,-2.284618399E0,-1.271861498E-1,4.278056275E0,4.851538214E0
9.257279875E0,-2.362196917E0,-1.770486467E-1,4.214520430E0,4.834615078E0
9.267255875E0,-2.503915444E0,-4.311943667E-1,3.718279517E0,4.503456861E0
9.277231875E0,-2.695231370E0,-8.044472118E-1,3.010026165E0,4.119668066E0
9.287207875E0,-2.915177895E0,-1.135143948E0,2.248587125E0,3.852655967E0
9.297183875E0,-2.826858627E0,-1.580245406E0,1.943798085E0,3.777122745E0
9.307159875E0,-2.494197957E0,-2.175159837E0,2.488987795E0,4.140942406E0
9.317134875E0,-2.312592209E0,-2.510905498E0,3.306451347E0,4.752404619E0
9.327110875E0,-2.334677435E0,-2.533681573E0,3.354766306E0,4.808816695E0
9.337086875E0,-2.460452213E0,-2.336506152E0,2.341395886E0,4.122526020E0
9.347062875E0,-2.561468419E0,-1.949043330E0,7.927345079E-1,3.314863249E0
9.357038875E0,-2.557311341E0,-1.560892584E0,-6.155667973E-1,3.058618877E0
9.367014875E0,-2.417983740E0,-1.265642692E0,-1.558291157E0,3.142732588E0
9.376990875E0,-2.111149783E0,-1.056361415E0,-1.961290616E0,3.069122631E0
9.386966875E0,-1.676817289E0,-9.055992186E-1,-1.826456746E0,2.639653464E0
9.396941875E0,-1.193117703E0,-7.990314475E-1,-1.213670885E0,1.880153750E0
9.406917875E0,-7.959914070E-1,-6.928125360E-1,-6.134694010E-1,1.220629443E0
9.416893875E0,-5.357344696E-1,-5.904856043E-1,-4.429499745E-1,9.120796844E-1
9.426869875E0,-3.262895438E-1,-3.620116460E-1,-6.283224982E-1,7.951769992E-1
9.436845875E0,-1.786511493E-1,-1.254265764E-1,-1.135441571E0,1.156233377E0
9.446821875E0,-7.197337747E-2,1.048968561E-1,-1.811549855E0,1.816011122E0
9.456797875E0,5.038151041E-2,3.189052413E-1,-2.360973533E0,2.382946679E0
9.466773875E0,2.112889183E-1,5.357451408E-1,-2.651408243E0,2.713232672E0
9.476748875E0,3.953203831E-1,6.563719571E-1,-2.630256525E0,2.739589703E0
9.486724875E0,5.181188554E-1,6.042234913E-1,-2.513567151E0,2.636579792E0
9.496700875E0,4.807825562E-1,4.416983049E-1,-2.408406731E0,2.495330087E0
9.506676875E0,3.725585613E-1,2.229739210E-1,-2.403854674E0,2.442751429E0
9.516652875E0,2.973143975E-1,6.222760387E-2,-2.527513930E0,2.545701237E0
9.526628875E0,3.012158060E-1,3.024735421E-2,-2.732003340E0,2.748724816E0
9.536604875E0,4.213272634E-1,9.436755560E-2,-2.916716298E0,2.948500612E0
9.546579875E0,6.485297446E-1,2.192446399E-1,-2.809029297E0,2.891246207E0
9.556555875E0,8.133298633E-1,3.332834715E-1,-2.413388559E0,2.568467963E0
9.566531875E0,8.859037498E-1,3.652993892E-1,-1.854257333E0,2.087232463E0
9.576507875E0,8.292389676E-1,2.908314434E-1,-1.359586982E0,1.618856682E0
9.586483875E0,6.927887817E-1,1.576873463E-1,-9.188092482E-1,1.161478381E0
9.596459875E0,6.604519249E-1,1.075422826E-1,-5.543832868E-1,8.689665796E-1
9.606435875E0,7.166286839E-1,1.362641714E-1,-2.112183863E-1,7.594325524E-1
9.616411875E0,8.490092077E-1,2.373955668E-1,1.652750587E-1,8.969331831E-1
9.626386875E0,1.083720025E0,4.228043432E-1,5.996436596E-1,1.308734169E0
9.636362875E0,1.313676399E0,5.310357933E-1,9.361620301E-1,1.698276786E0
9.646338875E0,1.606061740E0,5.217946344E-1,1.273159872E0,2.114861701E0
9.656314875E0,1.895021928E0,3.912225813E-1,1.735168262E0,2.599032919E0
9.666290875E0,1.957465075E0,2.001966771E-1,2.035173109E0,2.830844011E0
9.676266875E0,1.830144293E0,-1.665566953E-1,2.217654185E0,2.880131828E0
9.686242875E0,1.643447960E0,-5.820710955E-1,2.522447902E0,3.066344954E0
9.696218875E0,1.475211579E0,-9.444594484E-1,2.751192148E0,3.261489090E0
9.706193875E0,1.490736229E0,-1.164457502E0,2.721677742E0,3.314481182E0
9.716169875E0,1.663751100E0,-1.158460452E0,2.753029343E0,3.418957283E0
9.726145875E0,2.081127839E0,-8.805528165E-1,2.764957663E0,3.570918260E0
9.736121875E0,2.702167045E0,-5.685985259E-1,2.495047265E0,3.721595340E0
9.746097875E0,3.218098457E0,-2.848690376E-1,2.091895779E0,3.848809686E0
9.756073875E0,3.236632084E0,-6.060946003E-2,1.571314661E0,3.598401106E0
9.766049875E0,2.865280681E0,-1.008712674E-1,8.378428531E-1,2.986969876E0
9.776024875E0,2.447919584E0,-4.668821166E-1,4.630082631E-1,2.534692457E0
9.786000875E0,2.107793773E0,-1.108009579E0,7.174948758E-1,2.487022057E0
9.795976875E0,2.020616758E0,-1.812646793E0,1.155391102E0,2.950171025E0
9.805952875E0,2.242567709E0,-2.266462648E0,1.512813853E0,3.529103090E0
9.815928875E0,2.574203070E0,-2.459103845E0,1.878111050E0,4.025048357E0
9.825904875E0,2.736165388E0,-2.468817825E0,2.029553350E0,4.207225842E0
9.835880875E0,2.623904403E0,-2.304372194E0,1.843048806E0,3.948649696E0
9.845856875E0,2.202811174E0,-2.020515748E0,1.007172371E0,3.154244306E0
9.855831875E0,1.632887011E0,-1.784749434E0,-2.389669329E-1,2.430793231E0
9.865807875E0,1.147781316E0,-1.585861072E0,-1.249017888E0,2.322154813E0
9.875783875E0,7.009003316E-1,-1.392409450E0,-1.958647090E0,2.503270615E0
9.885759875E0,3.734530391E-1,-1.159282205E0,-2.369174253E0,2.663904849E0
9.895735875E0,1.294106865E-1,-8.717299528E-1,-2.481571772E0,2.633411987E0
9.905711875E0,-2.684820330E-2,-5.777458370E-1,-2.499391161E0,2.565437049E0
9.915687875E0,-1.246034712E-1,-3.303578172E-1,-2.412502706E0,2.438202539E0
9.925663875E0,-2.683517132E-1,-1.165312804E-1,-2.311669226E0,2.330108751E0
9.935638875E0,-4.846743533E-1,1.227114949E-1,-2.343525442E0,2.396263516E0
9.945614875E0,-6.614023899E-1,3.841932048E-1,-2.509573503E0,2.623550401E0
9.955590875E0,-8.359590264E-1,6.457988025E-1,-2.568520453E0,2.777261404E0
9.965566875E0,-9.576800761E-1,8.286961267E-1,-2.428528755E0,2.738912250E0
9.975542875E0,-1.031652105E0,9.420025215E-1,-2.175001085E0,2.585015384E0
9.985518875E0,-1.146575255E0,1.028234627E0,-1.885239975E0,2.434344065E0
9.995494875E0,-1.277380393E0,1.094685894E0,-1.601321402E0,2.322556373E0
1.000546988E1,-1.380476160E0,1.190111576E0,-1.334819931E0,2.259164500E0
1.001544588E1,-1.475398836E0,1.346033867E0,-1.116797724E0,2.288197118E0
1.002542188E1,-1.548745432E0,1.515487346E0,-1.077147755E0,2.419826770E0
1.003539788E1,-1.640266051E0,1.715971853E0,-1.228246824E0,2.672755578E0
1.004537388E1,-1.774658894E0,1.836740683E0,-1.439420187E0,2.931716392E0
1.005534988E1,-1.945121310E0,1.836261211E0,-1.554596302E0,3.093884583E0
1.006532588E1,-1.975983207E0,1.800595243E0,-1.306779023E0,2.975621662E0
1.007530088E1,-1.940425996E0,1.730503353E0,-7.838718832E-1,2.715575451E0
1.008527688E1,-1.815308445E0,1.630651328E0,-3.831972778E-2,2.440458339E0
1.009525288E1,-1.798692266E0,1.508987289E0,7.057758862E-1,2.451623158E0
1.010522888E1,-1.902083026E0,1.401410362E0,1.277817764E0,2.686017326E0
1.011520488E1,-2.026978675E0,1.293547505E0,1.664442095E0,2.924427326E0
1.012518088E1,-2.242692401E0,1.128188831E0,1.778583838E0,3.076660480E0
1.013515688E1,-2.601009922E0,9.440049005E-1,1.497566069E0,3.146283839E0
1.014513288E1,-2.902107614E0,7.576409814E-1,9.327045715E-1,3.141048595E0
1.015510788E1,-2.908402434E0,6.677670841E-1,5.642270744E-1,3.036950739E0
1.016508388E1,-2.597972001E0,6.466594396E-1,7.571056688E-1,2.782235781E0
1.017505988E1,-2.110448994E0,4.906805766E-1,1.649553330E0,2.723194553E0
1.018503588E1,-1.586130628E0,1.722881361E-1,2.785217680E0,3.209817923E0
1.019501188E1,-1.293651001E0,-2.062774160E-1,3.635002887E0,3.863849023E0
1.020498788E1,-1.367129159E0,-5.476232477E-1,4.004007218E0,4.266263841E0
1.021496388E1,-1.782561991E0,-8.371469613E-1,3.654757705E0,4.151577552E0
1.022493988E1,-2.301754395E0,-1.017407484E0,2.725943871E0,3.709981303E0
1.023491488E1,-2.488220640E0,-1.314199286E0,2.054022778E0,3.483873031E0
1.024489088E1,-2.245834548E0,-1.861951831E0,1.932025301E0,3.499051186E0
1.025486688E1,-1.778185935E0,-2.338809516E0,2.330097311E0,3.749843817E0
1.026484288E1,-1.513723387E0,-2.457306411E0,2.509546605E0,3.824596378E0
1.027481888E1,-1.535816507E0,-2.290965405E0,2.046211483E0,3.434273761E0
1.028479488E1,-1.645557050E0,-2.149349497E0,1.181985993E0,2.953752216E0
1.029477088E1,-1.713419397E0,-2.139184551E0,2.133491117E-1,2.749078830E0
1.030474588E1,-1.800476690E0,-2.087645438E0,-6.330072874E-1,2.828546979E0
1.031472188E1,-1.725949834E0,-2.000215823E0,-1.159539117E0,2.885185805E0
1.032469788E1,-1.393984690E0,-1.796073152E0,-1.307587109E0,2.622757353E0
1.033467388E1,-9.018391666E-1,-1.519860479E0,-1.122491158E0,2.093627512E0
1.034464988E1,-4.216071989E-1,-1.223713185E0,-7.900079513E-1,1.516357199E0
1.035462588E1,5.726470649E-3,-8.894702590E-1,-5.089802420E-1,1.024817555E0
1.036460188E1,3.816777326E-1,-6.187897825E-1,-3.966295016E-1,8.281869644E-1
1.037457788E1,6.211963503E-1,-4.038772716E-1,-4.870718944E-1,8.867021972E-1
1.038455288E1,6.786149117E-1,-2.262716044E-1,-7.906295103E-1,1.066213890E0
1.039452888E1,6.327644818E-1,-1.719819613E-1,-1.206078860E0,1.372805486E0
1.040450488E1,5.639039426E-1,-2.010822380E-1,-1.640163286E0,1.746011835E0
1.041448088E1,5.282102725E-1,-1.826826583E-1,-1.969641609E0,2.047404971E0
1.042445688E1,5.485332207E-1,-1.545756774E-1,-2.116321353E0,2.191711295E0
1.043443288E1,5.769747354E-1,-1.222443755E-1,-2.007612843E0,2.092451400E0
1.044440925E1,6.153510350E-1,-8.021283522E-2,-1.864180643E0,1.964754556E0
1.045438425E1,6.997003368E-1,6.881208032E-2,-1.969039931E0,2.090797435E0
1.046436025E1,7.301956129E-1,2.682233302E-1,-2.188164337E0,2.322324817E0
1.047433625E1,7.293395805E-1,4.359945653E-1,-2.416771173E0,2.561798273E0
1.048431225E1,7.464466332E-1,5.798672068E-1,-2.649813707E0,2.813350536E0
1.049428825E1,8.279781617E-1,7.020272362E-1,-2.743491949E0,2.950447111E0
1.050426425E1,8.964914493E-1,7.939399114E-1,-2.646914658E0,2.905201320E0
1.051424025E1,9.639536999E-1,9.460885558E-1,-2.473559917E0,2.818295398E0
1.052421625E1,1.051755929E0,1.125859301E0,-2.324723135E0,2.788922257E0
1.053419125E1,1.134579692E0,1.224124976E0,-2.149445829E0,2.721372890E0
1.054416725E1,1.155424577E0,1.274632055E0,-1.941367398E0,2.593954549E0
1.055414325E1,1.186797813E0,1.261515142E0,-1.559214433E0,2.330463291E0
1.056411925E1,1.294359976E0,1.153130714E0,-9.720434690E-1,1.987447282E0
1.057409525E1,1.461568270E0,8.978977047E-1,-1.913828766E-1,1.725986530E0
1.058407125E1,1.655499217E0,6.275071040E-1,7.199594772E-1,1.911225908E0
1.059404725E1,1.783966492E0,3.637333587E-1,1.519197258E0,2.371244127E0
1.060402225E1,1.802067718E0,1.833281909E-1,1.965977744E0,2.673223854E0
1.061399825E1,1.751757105E0,3.375422180E-2,2.255223130E0,2.855840273E0
1.062397425E1,1.704682926E0,-1.302999383E-1,2.378307019E0,2.929038448E0
1.063395025E1,1.678491054E0,-3.501223563E-1,2.441286795E0,2.983253106E0
1.064392625E1,1.692884414E0,-5.565995277E-1,2.643487605E0,3.188053856E0
1.065390225E1,1.830096346E0,-9.090088762E-1,3.119208884E0,3.728942724E0
1.066387825E1,1.887696683E0,-1.138150733E0,3.620426363E0,4.238664047E0
1.067385425E1,1.972543290E0,-1.070456786E0,3.313155765E0,4.001725363E0
1.068382925E1,2.156251550E0,-8.085743228E-1,2.598244189E0,3.471899487E0
1.069380525E1,2.422923029E0,-5.695828316E-1,2.017229759E0,3.203778473E0
1.070378125E1,2.559806932E0,-4.700374934E-1,1.693785177E0,3.105230266E0
1.071375725E1,2.614267314E0,-6.401603325E-1,1.953856466E0,3.325921516E0
1.072373325E1,2.764553913E0,-1.158352424E0,2.884643151E0,4.160012594E0
1.073370925E1,2.839557317E0,-1.919745418E0,3.890464230E0,5.184999533E0
1.074368525E1,2.705679468E0,-2.470036969E0,4.458830549E0,5.770871154E0
1.075366025E1,2.507150416E0,-2.755628138E0,4.392840627E0,5.759890487E0
1.076363625E1,2.189183653E0,-2.756919495E0,3.429321814E0,4.914608659E0
1.077361225E1,1.739837702E0,-2.422044923E0,1.795816167E0,3.481133802E0
1.078358825E1,1.359378237E0,-1.856847211E0,1.470405167E-1,2.305951359E0
1.079356425E1,1.077614436E0,-1.379014064E0,-1.163521070E0,2.101597950E0
1.080354025E1,9.647411737E-1,-1.102912341E0,-2.092756489E0,2.554754565E0
1.081351625E1,9.135071392E-1,-8.219151838E-1,-2.698660762E0,2.965267235E0
1.082349225E1,8.434322065E-1,-4.914138906E-1,-3.109693125E0,3.259303121E0
1.083346725E1,6.518052086E-1,-1.491807438E-1,-3.434939234E0,3.499416017E0
1.084344325E1,3.694053040E-1,1.525290057E-1,-3.596404831E0,3.618542951E0
1.085341925E1,3.640317860E-1,3.220283854E-1,-3.607450806E0,3.640044333E0
1.086339525E1,5.273037713E-1,3.111014012E-1,-3.727383047E0,3.777329444E0
1.087337125E1,2.658962115E-1,4.926641715E-1,-3.337310028E0,3.383941046E0
1.088334725E1,1.998797581E-1,6.550955831E-1,-3.116916191E0,3.191280101E0
1.089332325E1,6.968927231E-2,7.547441246E-1,-3.034936473E0,3.128151960E0
1.090329925E1,-6.108154960E-2,8.803141040E-1,-2.983343566E0,3.111112777E0
1.091327425E1,-7.728443999E-2,1.000634015E0,-2.829048409E0,3.001792167E0
1.092325025E1,-1.024959345E-1,1.123073687E0,-2.479316500E0,2.723749297E0
1.093322625E1,-1.603815788E-1,1.219913226E0,-2.131134689E0,2.460822137E0
1.094320225E1,-2.535444070E-1,1.250768691E0,-1.881549212E0,2.273529090E0
1.095317825E1,-4.175261712E-1,1.274231959E0,-1.725426800E0,2.185198580E0
1.096315425E1,-5.804504300E-1,1.331048769E0,-1.574058759E0,2.141558896E0
1.097313025E1,-6.569532435E-1,1.373683303E0,-1.399549193E0,2.068171010E0
1.098310525E1,-7.137129698E-1,1.398310022E0,-1.114748860E0,1.925440765E0
1.099308125E1,-8.134169868E-1,1.441624295E0,-7.482570773E-1,1.816539693E0
1.100305725E1,-8.542939212E-1,1.426931996E0,-3.344613200E-1,1.696413098E0
1.101303325E1,-9.522078131E-1,1.368892826E0,4.022650480E-2,1.667988447E0
1.102300925E1,-1.018643439E0,1.300196959E0,3.674530649E-1,1.692089933E0
1.103298525E1,-1.077703387E0,1.193299332E0,7.709688324E-1,1.783199603E0
1.104296125E1,-1.241428056E0,1.076883461E0,1.129938172E0,1.994387595E0
1.105293625E1,-1.377171168E0,9.249907784E-1,1.273285003E0,2.091282636E0
1.106291225E1,-1.560794351E0,7.435499226E-1,1.220454240E0,2.116235819E0
1.107288825E1,-1.716772629E0,4.820700400E-1,1.243081795E0,2.173695501E0
1.108286425E1,-1.761831419E0,1.460217856E-1,1.411555281E0,2.262268910E0
1.109284025E1,-1.665740469E0,-2.574264465E-1,1.612875500E0,2.332879565E0
1.110281625E1,-1.380154709E0,-6.319426556E-1,1.880545830E0,2.416739779E0
1.111279225E1,-1.056822980E0,-9.082164323E-1,2.240481715E0,2.638463608E0
1.112276825E1,-8.060764653E-1,-1.109318112E0,3.002011971E0,3.300366922E0
1.113274325E1,-8.873985904E-1,-1.175721578E0,3.662329264E0,3.947461606E0
1.114271925E1,-1.589713510E0,-1.192185291E0,2.751433638E0,3.393947830E0
1.115269525E1,-2.269882977E0,-1.378673756E0,2.057895389E0,3.359768368E0
1.116267125E1,-2.518768542E0,-1.810807843E0,1.916534273E0,3.646412433E0
1.117264725E1,-2.610833829E0,-2.200511318E0,1.958731874E0,3.936411297E0
1.118262325E1,-2.486560324E0,-2.316654855E0,2.256755100E0,4.079560705E0
1.119259925E1,-2.054881296E0,-2.205539777E0,2.635929494E0,4.004380994E0
1.120257425E1,-1.684366482E0,-1.909109479E0,2.860067303E0,3.829069656E0
1.121255025E1,-1.596963326E0,-1.661813918E0,2.631573903E0,3.498156453E0
1.122252625E1,-1.745758446E0,-1.603591730E0,1.823462387E0,2.990684548E0
1.123250225E1,-2.050744098E0,-1.633596717E0,7.024271858E-1,2.714331141E0
1.124247825E1,-2.456617902E0,-1.564459678E0,-3.594236684E-1,2.934568277E0
1.125245425E1,-2.848072325E0,-1.357867462E0,-1.121130511E0,3.348470343E0
1.126243025E1,-2.942685244E0,-1.079875627E0,-1.539558433E0,3.492243976E0
1.127240625E1,-2.589195915E0,-7.990037464E-1,-1.615241868E0,3.154575846E0
1.128238125E1,-2.081684201E0,-4.302561079E-1,-1.523454616E0,2.615232953E0
1.129235725E1,-1.604559883E0,-9.495498151E-2,-1.354916811E0,2.102243666E0
1.130233325E1,-1.184089967E0,1.737488437E-1,-1.213992482E0,1.704709787E0
1.131230925E1,-8.255941788E-1,3.565722737E-1,-9.951136583E-1,1.341268328E0
1.132228525E1,-5.513212462E-1,4.858178128E-1,-8.122256166E-1,1.095301107E0
1.133226125E1,-4.129381535E-1,5.584818926E-1,-8.706147426E-1,1.113727962E0
1.134223725E1,-4.043990259E-1,5.727783349E-1,-1.119894994E0,1.321279074E0
1.135221225E1,-5.877624463E-1,5.614955476E-1,-1.340949567E0,1.568084081E0
1.136218825E1,-7.554775116E-1,4.849831228E-1,-1.508714370E0,1.755612130E0
1.137216425E1,-6.703865636E-1,3.323301561E-1,-1.638084601E0,1.800883849E0
1.138214025E1,-5.503862033E-1,1.700745995E-1,-1.765467364E0,1.857074407E0
1.139211625E1,-4.759005696E-1,7.189531714E-2,-2.038935208E0,2.094971854E0
1.140209225E1,-4.801838013E-1,8.412067562E-2,-2.356962343E0,2.406849447E0
1.141206825E1,-4.864616644E-1,1.285919666E-1,-2.546674671E0,2.595906917E0
1.142204425E1,-4.648799203E-1,2.355142982E-1,-2.436656969E0,2.491761929E0
1.143201925E1,-4.351259249E-1,2.879353175E-1,-1.979142165E0,2.046764527E0
1.144199571E1,-3.019867979E-1,2.648439319E-1,-1.372220476E0,1.429799766E0
1.145197171E1,-1.569078393E-2,1.875598209E-1,-6.544309008E-1,6.809586559E-1
1.146194771E1,2.951664594E-1,1.197483453E-1,-1.194790810E-1,3.402031096E-1
1.147192371E1,5.538312731E-1,5.399377406E-2,1.373189360E-1,5.731499777E-1
1.148189971E1,7.583373848E-1,2.734523490E-2,9.016874313E-2,7.641686681E-1
1.149187571E1,8.743345951E-1,1.192247272E-2,-1.647055399E-1,8.897926974E-1
1.150185071E1,9.836944847E-1,4.988120802E-2,-1.844884247E-1,1.002087298E0
1.151182671E1,1.050712055E0,1.703491263E-2,6.524849474E-2,1.052873865E0
1.152180271E1,1.140731986E0,-4.407287635E-2,4.523593140E-1,1.227941705E0
1.153177871E1,1.276785438E0,-7.917129993E-2,8.274026495E-1,1.523497389E0
1.154175471E1,1.497862523E0,-1.554181150E-1,1.092221292E0,1.860294138E0
1.155173071E1,1.676312235E0,-2.665718573E-1,1.264017166E0,2.116322910E0
1.156170671E1,1.794364303E0,-3.771182931E-1,1.317614499E0,2.257890482E0
1.157168171E1,1.955274123E0,-5.146065791E-1,1.376034030E0,2.445687323E0
1.158165771E1,1.917476844E0,-6.476747355E-1,1.650007659E0,2.611268903E0
1.159163371E1,1.660793140E0,-5.518415022E-1,1.691234622E0,2.433729123E0
1.160160971E1,1.641476279E0,-3.828565313E-1,1.365043019E0,2.168955034E0
1.161158571E1,1.940027362E0,-2.774355454E-1,9.712102407E-1,2.187218777E0
1.162156171E1,2.208118984E0,-7.032000415E-2,6.833576614E-1,2.312512063E0
1.163153771E1,2.202850204E0,2.055307996E-1,6.301684642E-1,2.300413925E0
1.164151271E1,2.139253694E0,3.297076068E-1,9.125790399E-1,2.349024048E0
1.165148871E1,2.320581552E0,5.658635639E-2,1.450585445E0,2.737242936E0
1.166146471E1,2.606399008E0,-5.387716596E-1,2.218537114E0,3.464895037E0
1.167144071E1,2.909489724E0,-1.033782465E0,3.132717122E0,4.398608099E0
1.168141671E1,3.088970886E0,-1.540587835E0,3.792742054E0,5.128356881E0
1.169139271E1,3.020554369E0,-2.036702010E0,3.758126537E0,5.234063321E0
1.170136871E1,2.702268787E0,-2.343156483E0,3.086176209E0,4.724100178E0
1.171134471E1,2.088436127E0,-2.405664387E0,2.016390098E0,3.770227530E0
1.172131971E1,1.481595861E0,-2.289649197E0,9.254060769E-1,2.879929886E0
1.173129571E1,1.376399627E0,-2.008247851E0,-2.769843596E-1,2.450358280E0
1.174127171E1,1.243470781E0,-1.665948338E0,-1.266653091E0,2.434340465E0
1.175124771E1,1.004276391E0,-1.223193222E0,-2.065312582E0,2.601977861E0
1.176122371E1,9.091287442E-1,-7.721075776E-1,-2.673962123E0,2.927923944E0
1.177119971E1,7.848971193E-1,-3.634364663E-1,-3.136392097E0,3.253475824E0
1.178117571E1,6.582736909E-1,-2.565758228E-3,-3.457769102E0,3.519871873E0
1.179115071E1,5.504541772E-1,2.986493169E-1,-3.525085757E0,3.580282225E0
1.180112671E1,4.598474776E-1,5.415926488E-1,-3.429364498E0,3.502188339E0
1.181110271E1,4.182008303E-1,7.188518684E-1,-3.305303539E0,3.408323844E0
1.182107871E1,3.796255426E-1,8.557271469E-1,-3.150402610E0,3.286551553E0
1.183105471E1,2.276718847E-1,9.921773328E-1,-2.850871972E0,3.027163911E0
1.184103071E1,-8.105063159E-3,1.017276067E0,-2.613932269E0,2.804916789E0
1.185100671E1,-2.581115209E-1,9.934536338E-1,-2.399745251E0,2.610047691E0
1.186098171E1,-4.506676779E-1,9.876973423E-1,-2.096168924E0,2.360629483E0
1.187095771E1,-5.335052917E-1,9.830717562E-1,-1.761188956E0,2.086347170E0
1.188093371E1,-5.385721599E-1,1.015599963E0,-1.424098728E0,1.830180440E0
1.189090971E1,-4.561056616E-1,1.118768821E0,-1.009472666E0,1.574392299E0
1.190088571E1,-3.622590198E-1,1.247977961E0,-7.176340395E-1,1.484479438E0
1.191086171E1,-2.437226561E-1,1.394617505E0,-4.609734321E-1,1.488910751E0
1.192083771E1,-2.583497950E-1,1.525317100E0,-2.244009340E-1,1.563231478E0
1.193081371E1,-4.013913278E-1,1.560025149E0,5.195543468E-2,1.611673922E0
1.194078871E1,-6.084138983E-1,1.461910625E0,2.889904475E-1,1.609616608E0
1.195076471E1,-8.032283597E-1,1.257184110E0,3.820026916E-1,1.540004461E0
1.196074071E1,-9.982765634E-1,1.060814581E0,3.133353299E-1,1.489987484E0
1.197071671E1,-1.206163499E0,9.880948068E-1,1.412745774E-1,1.565605391E0
1.198069271E1,-1.430338584E0,1.080482861E0,1.061936224E-1,1.795713998E0
1.199066871E1,-1.698082296E0,1.190518250E0,1.425083399E-1,2.078731780E0
1.200064471E1,-1.968836740E0,1.237695925E0,1.934633160E-1,2.333588945E0
1.201061971E1,-2.172281107E0,1.243431312E0,3.520433128E-1,2.527619657E0
1.202059571E1,-2.227239525E0,1.099936255E0,6.750598776E-1,2.574133156E0
1.203057171E1,-2.202296911E0,8.469669215E-1,1.193988572E0,2.644441976E0
1.204054771E1,-2.050741321E0,5.916739047E-1,1.807966681E0,2.797206016E0
1.205052371E1,-1.875757399E0,2.777041519E-1,2.393405115E0,3.053518210E0
1.206049971E1,-2.001993376E0,7.312513277E-2,2.809485379E0,3.450584423E0
1.207047571E1,-2.465705937E0,-1.520297997E-1,2.734847426E0,3.685404899E0
1.208045171E1,-2.857478741E0,-6.642048872E-1,2.238173819E0,3.689955952E0
1.209042671E1,-3.110281940E0,-1.177275476E0,2.077316916E0,3.921106586E0
1.210040271E1,-3.184476967E0,-1.542653802E0,2.341888222E0,4.243243423E0
1.211037871E1,-2.862253869E0,-1.722637971E0,2.903134970E0,4.425852624E0
1.212035471E1,-2.231944341E0,-1.747699722E0,3.700719159E0,4.661689839E0
1.213033071E1,-1.710412905E0,-1.666869567E0,4.261243776E0,4.884891501E0
1.214030671E1,-1.645935073E0,-1.554320167E0,3.977873088E0,4.576951796E0
1.215028271E1,-2.063291638E0,-1.474764267E0,2.956411291E0,3.895185457E0
1.216025771E1,-2.663158808E0,-1.535837411E0,1.448976876E0,3.398638753E0
1.217023371E1,-3.083600803E0,-1.511121961E0,4.296417117E-2,3.434229086E0
1.218020971E1,-3.457562696E0,-2.143131129E0,-1.014303051E0,4.192440996E0
1.219018571E1,-3.489900137E0,-2.390617163E0,-4.903018963E-1,4.258503180E0
1.220016171E1,-3.125046452E0,-1.366823789E0,4.939558214E-1,3.446464123E0
1.221013771E1,-2.660311214E0,-1.186838305E0,-5.496394408E-1,2.964446733E0
1.222011371E1,-2.001437160E0,-8.931282771E-1,-1.415355386E0,2.608957588E0
1.223008871E1,-1.286180744E0,-2.588779447E-1,-1.379670998E0,1.903883075E0
1.224006471E1,-8.537029870E-1,2.361723293E-2,-1.657309662E0,1.864414621E0
1.225004071E1,-6.292647039E-1,3.099856428E-1,-2.047078040E0,2.163930144E0
1.226001671E1,-6.015784302E-1,6.413802078E-1,-2.289110084E0,2.452201083E0
1.226999271E1,-5.756114205E-1,7.329904358E-1,-2.385045351E0,2.560672726E0
1.227996871E1,-5.989422495E-1,5.256772221E-1,-2.410857300E0,2.539153654E0
1.228994471E1,-7.440845773E-1,2.657939035E-1,-2.124328530E0,2.266512731E0
1.229991971E1,-3.360331978E-1,-7.310131450E-2,-1.857552824E0,1.889117415E0
1.230989571E1,-2.777753417E-1,-2.356417127E-1,-1.337718396E0,1.386425859E0
1.231987171E1,-5.777814319E-1,-3.173218519E-1,-8.992748702E-1,1.114997683E0
1.232984771E1,-8.041555088E-1,-3.007785622E-1,-8.964138275E-1,1.241245977E0
1.233982371E1,-8.350275649E-1,-4.776586081E-1,-1.019176120E0,1.401480911E0
1.234979971E1,-6.192870882E-1,-6.608163527E-1,-1.089040992E0,1.416405673E0
1.235977571E1,-3.174948929E-1,-7.228248321E-1,-1.094074860E0,1.349176987E0
1.236975171E1,-9.378100678E-2,-7.645165030E-1,-1.151180522E0,1.385098175E0
1.237972671E1,7.930790551E-2,-7.828845077E-1,-9.148500985E-1,1.206709824E0
1.238970271E1,2.499304257E-1,-1.912313972E-1,-4.620586753E-1,5.590464063E-1
1.239967871E1,5.183741960E-1,1.791766495E-1,-5.834907264E-1,8.007980435E-1
1.240965471E1,9.563398942E-1,3.320032968E-1,-6.803264648E-1,1.219695159E0
1.241963071E1,1.338083262E0,-1.082781913E-1,-8.587092268E-1,1.593603627E0
1.242960671E1,2.226729940E0,-5.264504068E-2,-1.806298470E-1,2.234664375E0
1.243958271E1,2.401951844E0,-9.057760969E-2,7.295904261E-1,2.511947283E0
1.244955771E1,2.210501871E0,-3.780665288E-1,1.639566286E0,2.778026354E0
1.245953371E1,2.216116806E0,-7.332080984E-1,1.849621076E0,2.978232015E0
1.246950971E1,2.225553188E0,-9.415225381E-1,1.463656896E0,2.825215601E0
1.247948571E1,2.173711482E0,-7.412564253E-1,1.001318139E0,2.505418270E0
1.248946171E1,2.167818658E0,-2.726352006E-1,4.363782889E-1,2.228047059E0
1.249943771E1,2.331237811E0,2.134754846E-1,-1.124361098E-2,2.341018567E0
1.250941371E1,2.573505497E0,3.780354289E-1,2.685000497E-1,2.614944283E0
1.251938871E1,2.532450149E0,-9.240508385E-2,9.783157772E-1,2.716421215E0
1.252936471E1,2.088523543E0,-5.743489701E-1,1.234368859E0,2.493085199E0
1.253934071E1,1.737389473E0,-6.459695412E-1,1.071074837E0,2.140794276E0
1.254931671E1,1.616527671E0,-3.372839172E-1,6.097499871E-1,1.760317358E0
1.255929271E1,1.557031521E0,3.100920255E-1,2.566869199E-2,1.587817088E0
1.256926871E1,1.554377470E0,1.166493576E0,-4.534299392E-1,1.995593969E0
1.257924471E1,1.882100459E0,1.570787681E0,-5.977819061E-1,2.523295322E0
1.258921971E1,2.697798883E0,1.294175935E0,6.873700207E-1,3.070095716E0
1.259919571E1,3.255819722E0,7.551842006E-1,3.347948452E0,4.730689599E0
1.260917171E1,3.154454146E0,-6.914025530E-2,5.228687240E0,6.106924888E0
1.261914771E1,2.568069048E0,-1.084584390E0,5.611364116E0,6.265677073E0
1.262912371E1,1.587368338E0,-1.964099326E0,4.854575366E0,5.472140933E0
1.263909971E1,1.057910123E0,-2.001510835E0,3.920210770E0,4.526949518E0
1.264907571E1,1.244079038E0,-2.024204756E0,2.157226719E0,3.209168843E0
1.265905171E1,1.362178030E0,-1.809331421E0,4.167433387E-1,2.302799207E0
1.266902671E1,1.429887764E0,-1.446960756E0,-7.923942000E-1,2.183154373E0
1.267900271E1,1.506259709E0,-1.114874721E0,-1.674429724E0,2.513061650E0
1.268897871E1,1.443030258E0,-7.632687072E-1,-1.998330388E0,2.580356523E0
1.269895471E1,1.182406115E0,-5.299640352E-1,-2.009023191E0,2.390631775E0
1.270893071E1,9.038818914E-1,-5.262064317E-1,-1.956660206E0,2.218651582E0
1.271890671E1,8.426995504E-1,-6.680174911E-1,-1.999471180E0,2.270302821E0
1.272888271E1,7.951453149E-1,-7.702490401E-1,-2.249533789E0,2.507178080E0
1.273885771E1,8.014445204E-1,-7.489371816E-1,-2.519866356E0,2.748262483E0
1.274883371E1,9.243144017E-1,-6.010461143E-1,-2.591988838E0,2.816739193E0
1.275880971E1,1.114910243E0,-2.442616598E-1,-2.505563482E0,2.753277496E0
1.276878571E1,1.067914417E0,2.049448355E-1,-2.300829658E0,2.544849839E0
1.277876171E1,8.851494589E-1,5.171434667E-1,-2.331731608E0,2.547135493E0
1.278873771E1,5.152858794E-1,4.641666696E-1,-2.404279767E0,2.502305223E0
1.279871371E1,1.021935421E-1,1.945033164E-1,-2.234430431E0,2.245206986E0
1.280868871E1,-1.470106959E-1,-8.223692201E-2,-1.840732723E0,1.848424198E0
1.281866471E1,-1.469294196E-1,-3.399730517E-1,-1.369011524E0,1.418225118E0
1.282864071E1,-9.106892198E-2,-3.927905852E-1,-1.111825252E0,1.182680592E0
1.283861671E1,-5.090308204E-2,7.959880449E-2,-1.052370179E0,1.056603088E0
1.284859271E1,-2.676679909E-2,6.749900765E-1,-1.154001803E0,1.337179205E0
1.285856871E1,-3.325896263E-2,9.844366425E-1,-1.361876752E0,1.680752792E0
1.286854471E1,-3.023041190E-1,9.857717811E-1,-1.434739491E0,1.766808193E0
1.287851971E1,-6.953807062E-1,8.889875713E-1,-1.127040292E0,1.595015062E0
1.288849571E1,-8.272810274E-1,7.280689075E-1,-4.774362677E-1,1.201009418E0
1.289847171E1,-6.427415858E-1,6.605430684E-1,1.894474483E-1,9.409166951E-1
1.290844771E1,-5.961416160E-1,7.428315921E-1,4.611932874E-1,1.058245174E0
1.291842371E1,-7.150133175E-1,8.639435081E-1,3.601481384E-1,1.177857848E0
1.292839971E1,-9.166149344E-1,8.063320617E-1,-2.338184595E-2,1.221024587E0
1.293837571E1,-1.334492925E0,6.155127105E-1,-2.633188319E-1,1.493005047E0
1.294835071E1,-1.748018834E0,4.009853849E-1,2.583878750E-1,1.811939131E0
1.295832671E1,-1.861002243E0,3.159635802E-1,1.251069676E0,2.264583332E0
1.296830271E1,-1.569220042E0,3.173390646E-1,2.011517029E0,2.570866854E0
1.297827871E1,-1.265355009E0,4.033600122E-1,2.264561133E0,2.625273267E0
1.298825471E1,-1.154231307E0,5.827314654E-1,2.091430340E0,2.458842561E0
1.299823071E1,-1.360766658E0,5.901256350E-1,1.332314399E0,1.993739155E0
1.300820671E1,-1.798129764E0,3.417215154E-1,5.656005853E-1,1.915710903E0
1.301818271E1,-2.498478118E0,-4.369836219E-2,5.470228118E-1,2.558033700E0
1.302815771E1,-2.780691935E0,-4.266442828E-1,9.004817355E-1,2.953834853E0
1.303813371E1,-2.675755757E0,-5.405433659E-1,1.335929732E0,3.039171639E0
1.304810971E1,-1.915891079E0,-7.647055873E-1,1.456975867E0,2.525508254E0
1.305808571E1,-1.664967175E0,-7.860490939E-1,1.392326712E0,2.308367940E0
1.306806171E1,-1.675312361E0,-7.542218220E-1,1.111869691E0,2.147504662E0
1.307803771E1,-1.805719304E0,-9.014922074E-1,4.477704191E-1,2.067319219E0
1.308801371E1,-2.140318033E0,-1.029442223E0,-4.551665622E-1,2.418240925E0
1.309798871E1,-2.638894032E0,-9.303821305E-1,-1.996086227E0,3.437111119E0
1.310796471E1,-1.803346796E0,-5.181586164E-1,-1.565753959E0,2.443794893E0
1.311794071E1,-1.348526389E0,-7.026818320E-3,-9.689421058E-2,1.352021186E0
1.312791671E1,-1.445843938E0,-9.234310336E-2,8.486607867E-1,1.679052433E0
1.313789271E1,-1.585944687E0,-3.900860287E-1,3.702497882E-1,1.674655954E0